order_id,account_id,order_day,amount_inr,is_return
ORD000001,ACC00001,55,700.87,False
ORD000002,ACC00001,14,406.15,False
ORD000003,ACC00001,32,1172.8,False
ORD000004,ACC00001,37,534.11,False
ORD000005,ACC00001,40,990.49,False
ORD000006,ACC00001,7,690.83,False
ORD000007,ACC00002,19,498.2,False
ORD000008,ACC00002,40,694.74,False
ORD000009,ACC00002,30,1189.97,False
ORD000010,ACC00002,26,576.41,False
ORD000011,ACC00002,24,137.89,False
ORD000012,ACC00003,36,570.63,False
ORD000013,ACC00003,29,1881.09,False
ORD000014,ACC00003,56,104.11,False
ORD000015,ACC00003,50,1012.37,False
ORD000016,ACC00004,8,504.38,False
ORD000017,ACC00004,28,470.74,False
ORD000018,ACC00004,11,395.46,False
ORD000019,ACC00004,9,1318.64,False
ORD000020,ACC00004,7,1560.09,False
ORD000021,ACC00005,45,338.14,False
ORD000022,ACC00005,17,1514.84,False
ORD000023,ACC00006,45,2132.09,False
ORD000024,ACC00006,38,920.46,False
ORD000025,ACC00006,11,552.38,False
ORD000026,ACC00006,22,1366.84,False
ORD000027,ACC00006,38,414.76,False
ORD000028,ACC00006,57,606.39,False
ORD000029,ACC00007,27,1905.94,False
ORD000030,ACC00007,11,1332.93,False
ORD000031,ACC00007,56,1322.46,False
ORD000032,ACC00007,48,1507.05,False
ORD000033,ACC00007,30,735.56,False
ORD000034,ACC00007,52,546.11,False
ORD000035,ACC00007,46,1245.53,False
ORD000036,ACC00008,31,1259.27,True
ORD000037,ACC00008,26,1003.63,False
ORD000038,ACC00008,55,642.09,False
ORD000039,ACC00008,47,1732.22,False
ORD000040,ACC00008,57,462.51,True
ORD000041,ACC00008,16,1730.7,False
ORD000042,ACC00009,3,926.87,False
ORD000043,ACC00009,2,1275.84,False
ORD000044,ACC00009,48,667.06,False
ORD000045,ACC00010,34,153.81,True
ORD000046,ACC00010,20,1775.57,False
ORD000047,ACC00010,28,891.47,False
ORD000048,ACC00010,33,1089.37,False
ORD000049,ACC00010,13,1135.55,False
ORD000050,ACC00010,18,679.71,False
ORD000051,ACC00010,37,344.85,True
ORD000052,ACC00010,16,1088.0,True
ORD000053,ACC00011,45,662.79,False
ORD000054,ACC00011,15,563.65,False
ORD000055,ACC00011,51,425.49,False
ORD000056,ACC00012,59,310.75,False
ORD000057,ACC00012,10,2107.39,False
ORD000058,ACC00012,23,1359.46,False
ORD000059,ACC00012,50,182.94,False
ORD000060,ACC00012,28,2087.57,False
ORD000061,ACC00013,42,560.73,True
ORD000062,ACC00013,39,1422.19,False
ORD000063,ACC00013,15,1534.72,False
ORD000064,ACC00013,42,1596.11,False
ORD000065,ACC00013,32,489.89,False
ORD000066,ACC00013,12,251.53,False
ORD000067,ACC00013,6,466.37,False
ORD000068,ACC00013,19,1494.08,True
ORD000069,ACC00013,1,619.72,True
ORD000070,ACC00013,42,738.39,True
ORD000071,ACC00014,0,937.67,False
ORD000072,ACC00014,31,1513.66,False
ORD000073,ACC00014,38,553.78,False
ORD000074,ACC00014,14,673.47,False
ORD000075,ACC00014,29,299.37,False
ORD000076,ACC00015,45,503.08,False
ORD000077,ACC00015,34,1331.41,True
ORD000078,ACC00015,5,170.69,False
ORD000079,ACC00015,8,528.47,False
ORD000080,ACC00015,44,1014.09,False
ORD000081,ACC00015,52,299.88,False
ORD000082,ACC00015,49,2369.68,False
ORD000083,ACC00016,25,1075.35,False
ORD000084,ACC00016,45,1523.69,False
ORD000085,ACC00016,23,2170.4,False
ORD000086,ACC00016,16,4568.54,False
ORD000087,ACC00017,9,258.13,False
ORD000088,ACC00017,56,361.68,False
ORD000089,ACC00017,6,775.74,False
ORD000090,ACC00017,14,2772.06,False
ORD000091,ACC00017,56,1371.32,False
ORD000092,ACC00017,41,3039.8,False
ORD000093,ACC00017,38,1118.07,False
ORD000094,ACC00017,24,456.84,False
ORD000095,ACC00017,33,1478.02,False
ORD000096,ACC00018,5,509.54,False
ORD000097,ACC00018,51,152.79,False
ORD000098,ACC00018,37,45.39,False
ORD000099,ACC00019,0,349.79,False
ORD000100,ACC00019,57,2209.39,False
ORD000101,ACC00019,27,333.4,False
ORD000102,ACC00019,44,1281.23,False
ORD000103,ACC00019,26,749.04,False
ORD000104,ACC00019,54,593.18,False
ORD000105,ACC00019,12,366.75,True
ORD000106,ACC00020,41,493.25,False
ORD000107,ACC00020,39,232.19,False
ORD000108,ACC00020,26,1015.6,False
ORD000109,ACC00021,16,1050.43,True
ORD000110,ACC00021,23,749.15,False
ORD000111,ACC00021,6,124.88,True
ORD000112,ACC00021,46,293.83,False
ORD000113,ACC00021,9,265.49,False
ORD000114,ACC00021,22,151.06,False
ORD000115,ACC00022,24,617.47,False
ORD000116,ACC00022,28,2299.33,True
ORD000117,ACC00022,41,3556.17,False
ORD000118,ACC00022,32,857.83,False
ORD000119,ACC00022,3,127.61,True
ORD000120,ACC00023,23,444.37,False
ORD000121,ACC00023,47,814.39,False
ORD000122,ACC00023,44,695.26,False
ORD000123,ACC00023,59,679.59,False
ORD000124,ACC00024,32,310.65,False
ORD000125,ACC00024,0,606.05,False
ORD000126,ACC00024,19,531.39,False
ORD000127,ACC00024,6,590.98,False
ORD000128,ACC00024,6,618.96,False
ORD000129,ACC00024,9,221.46,False
ORD000130,ACC00024,32,314.97,False
ORD000131,ACC00025,41,2264.44,False
ORD000132,ACC00025,22,1007.29,False
ORD000133,ACC00025,49,1094.63,False
ORD000134,ACC00026,11,500.89,False
ORD000135,ACC00026,32,1131.97,False
ORD000136,ACC00026,57,424.6,False
ORD000137,ACC00026,45,1020.89,False
ORD000138,ACC00026,25,2217.95,False
ORD000139,ACC00026,58,324.17,False
ORD000140,ACC00026,16,318.06,False
ORD000141,ACC00027,53,262.52,False
ORD000142,ACC00027,51,736.17,False
ORD000143,ACC00028,45,1427.01,False
ORD000144,ACC00028,52,44.91,False
ORD000145,ACC00028,9,95.67,False
ORD000146,ACC00028,48,517.28,False
ORD000147,ACC00028,58,1051.76,False
ORD000148,ACC00028,2,2076.18,False
ORD000149,ACC00029,37,719.9,False
ORD000150,ACC00029,46,410.0,False
ORD000151,ACC00029,44,632.85,False
ORD000152,ACC00029,25,1020.63,False
ORD000153,ACC00029,27,156.5,False
ORD000154,ACC00029,59,320.87,False
ORD000155,ACC00030,47,229.41,True
ORD000156,ACC00030,16,1041.59,False
ORD000157,ACC00030,19,310.33,False
ORD000158,ACC00030,40,560.04,False
ORD000159,ACC00030,0,566.04,False
ORD000160,ACC00030,21,751.0,False
ORD000161,ACC00031,10,192.18,False
ORD000162,ACC00031,6,1104.85,False
ORD000163,ACC00031,44,185.42,False
ORD000164,ACC00031,47,726.31,False
ORD000165,ACC00031,18,529.03,False
ORD000166,ACC00031,17,597.83,False
ORD000167,ACC00032,31,339.97,False
ORD000168,ACC00032,36,136.16,False
ORD000169,ACC00033,46,1988.03,False
ORD000170,ACC00033,12,918.95,False
ORD000171,ACC00033,9,329.86,False
ORD000172,ACC00033,51,1003.95,False
ORD000173,ACC00034,56,787.17,False
ORD000174,ACC00034,39,1460.92,False
ORD000175,ACC00034,4,694.27,True
ORD000176,ACC00034,35,277.02,True
ORD000177,ACC00034,37,3105.02,True
ORD000178,ACC00035,31,974.91,False
ORD000179,ACC00035,36,158.01,False
ORD000180,ACC00035,28,511.71,False
ORD000181,ACC00035,44,1813.05,False
ORD000182,ACC00035,55,596.19,False
ORD000183,ACC00036,51,941.04,False
ORD000184,ACC00036,2,206.47,True
ORD000185,ACC00036,53,1019.03,False
ORD000186,ACC00036,15,1392.44,False
ORD000187,ACC00036,4,1828.49,True
ORD000188,ACC00037,47,345.91,False
ORD000189,ACC00037,17,715.68,False
ORD000190,ACC00037,24,632.36,False
ORD000191,ACC00037,24,681.89,False
ORD000192,ACC00037,1,251.29,False
ORD000193,ACC00038,32,799.27,False
ORD000194,ACC00038,11,150.23,False
ORD000195,ACC00038,21,2673.5,False
ORD000196,ACC00038,2,1390.08,False
ORD000197,ACC00039,48,676.91,False
ORD000198,ACC00039,4,844.11,False
ORD000199,ACC00039,46,452.65,False
ORD000200,ACC00039,22,1038.56,False
ORD000201,ACC00039,44,1469.88,False
ORD000202,ACC00040,41,704.72,False
ORD000203,ACC00040,11,1044.93,True
ORD000204,ACC00040,32,587.98,False
ORD000205,ACC00040,59,1598.72,False
ORD000206,ACC00040,5,194.61,False
ORD000207,ACC00041,12,2713.28,False
ORD000208,ACC00041,19,128.57,False
ORD000209,ACC00041,43,623.12,False
ORD000210,ACC00041,7,1354.39,False
ORD000211,ACC00041,12,462.04,False
ORD000212,ACC00041,59,939.02,False
ORD000213,ACC00042,23,668.7,False
ORD000214,ACC00042,11,837.89,True
ORD000215,ACC00042,34,972.28,True
ORD000216,ACC00042,5,2080.57,False
ORD000217,ACC00042,0,779.34,True
ORD000218,ACC00043,0,603.02,False
ORD000219,ACC00043,1,222.78,False
ORD000220,ACC00043,55,1270.04,False
ORD000221,ACC00043,36,2423.92,False
ORD000222,ACC00044,23,1089.82,False
ORD000223,ACC00044,41,586.52,False
ORD000224,ACC00044,5,732.56,False
ORD000225,ACC00044,36,2643.2,False
ORD000226,ACC00044,44,2354.28,False
ORD000227,ACC00045,58,387.07,False
ORD000228,ACC00045,32,816.01,True
ORD000229,ACC00045,39,826.56,False
ORD000230,ACC00045,1,594.62,False
ORD000231,ACC00045,26,586.94,True
ORD000232,ACC00045,3,1295.7,False
ORD000233,ACC00045,6,33.96,True
ORD000234,ACC00045,12,737.53,False
ORD000235,ACC00046,46,467.63,False
ORD000236,ACC00046,16,313.29,False
ORD000237,ACC00046,20,641.25,False
ORD000238,ACC00046,42,748.62,False
ORD000239,ACC00046,19,751.43,True
ORD000240,ACC00046,6,2558.72,False
ORD000241,ACC00047,1,1005.1,False
ORD000242,ACC00047,31,482.2,False
ORD000243,ACC00047,36,1439.1,False
ORD000244,ACC00047,33,869.29,False
ORD000245,ACC00047,24,528.13,False
ORD000246,ACC00047,59,1512.69,False
ORD000247,ACC00047,4,1584.37,False
ORD000248,ACC00047,48,554.67,False
ORD000249,ACC00048,9,2330.99,False
ORD000250,ACC00048,37,776.51,False
ORD000251,ACC00048,20,547.06,False
ORD000252,ACC00049,11,2058.52,False
ORD000253,ACC00049,11,623.77,False
ORD000254,ACC00049,32,388.57,False
ORD000255,ACC00049,14,666.01,False
ORD000256,ACC00049,57,360.58,False
ORD000257,ACC00049,8,778.24,False
ORD000258,ACC00049,9,1159.2,False
ORD000259,ACC00049,45,920.57,False
ORD000260,ACC00050,59,1428.86,False
ORD000261,ACC00050,40,645.86,True
ORD000262,ACC00050,56,2886.83,False
ORD000263,ACC00050,28,1176.15,False
ORD000264,ACC00050,7,425.41,False
ORD000265,ACC00050,10,500.35,False
ORD000266,ACC00051,49,525.58,False
ORD000267,ACC00051,56,180.44,False
ORD000268,ACC00051,5,1105.0,False
ORD000269,ACC00051,8,323.26,False
ORD000270,ACC00051,41,714.09,False
ORD000271,ACC00051,28,466.46,False
ORD000272,ACC00052,23,2417.92,False
ORD000273,ACC00052,48,612.93,False
ORD000274,ACC00052,36,536.95,False
ORD000275,ACC00053,40,969.95,False
ORD000276,ACC00053,3,639.74,False
ORD000277,ACC00053,52,401.42,False
ORD000278,ACC00053,40,1027.6,True
ORD000279,ACC00053,44,1736.76,False
ORD000280,ACC00054,30,201.08,True
ORD000281,ACC00054,12,1831.01,False
ORD000282,ACC00054,35,470.61,False
ORD000283,ACC00054,8,884.15,False
ORD000284,ACC00055,38,371.89,True
ORD000285,ACC00055,36,643.44,False
ORD000286,ACC00055,4,1908.73,False
ORD000287,ACC00055,26,533.32,False
ORD000288,ACC00055,27,1354.43,False
ORD000289,ACC00055,15,637.64,False
ORD000290,ACC00055,33,1283.86,False
ORD000291,ACC00055,14,382.62,False
ORD000292,ACC00056,10,832.26,False
ORD000293,ACC00056,2,358.51,False
ORD000294,ACC00056,56,607.94,False
ORD000295,ACC00056,42,1035.02,False
ORD000296,ACC00056,37,4486.7,False
ORD000297,ACC00056,18,405.25,True
ORD000298,ACC00057,27,1774.42,False
ORD000299,ACC00057,56,529.96,False
ORD000300,ACC00057,9,1121.62,False
ORD000301,ACC00057,15,248.49,False
ORD000302,ACC00057,29,596.26,False
ORD000303,ACC00057,24,1337.77,False
ORD000304,ACC00057,20,1212.72,False
ORD000305,ACC00057,46,421.93,False
ORD000306,ACC00058,43,1387.37,False
ORD000307,ACC00058,11,668.84,False
ORD000308,ACC00058,29,380.77,True
ORD000309,ACC00058,50,628.95,False
ORD000310,ACC00058,11,1115.94,False
ORD000311,ACC00058,7,1131.78,False
ORD000312,ACC00059,47,1533.86,False
ORD000313,ACC00059,22,34.18,False
ORD000314,ACC00059,36,558.09,False
ORD000315,ACC00059,39,958.28,False
ORD000316,ACC00059,53,1260.67,False
ORD000317,ACC00059,11,309.59,True
ORD000318,ACC00059,33,561.61,False
ORD000319,ACC00059,24,1154.33,True
ORD000320,ACC00060,8,98.46,False
ORD000321,ACC00060,17,252.34,False
ORD000322,ACC00060,9,499.94,False
ORD000323,ACC00060,43,1697.02,False
ORD000324,ACC00060,14,642.61,False
ORD000325,ACC00061,38,517.41,False
ORD000326,ACC00061,37,586.54,True
ORD000327,ACC00061,55,692.67,False
ORD000328,ACC00062,6,1407.34,False
ORD000329,ACC00062,12,557.08,False
ORD000330,ACC00062,46,1014.44,False
ORD000331,ACC00062,10,710.92,False
ORD000332,ACC00062,29,783.7,False
ORD000333,ACC00063,56,458.68,False
ORD000334,ACC00063,5,291.41,False
ORD000335,ACC00063,35,1107.73,False
ORD000336,ACC00063,0,635.71,False
ORD000337,ACC00063,20,1895.66,False
ORD000338,ACC00063,3,274.06,False
ORD000339,ACC00064,14,1943.67,True
ORD000340,ACC00064,13,768.19,False
ORD000341,ACC00064,43,286.45,False
ORD000342,ACC00064,19,1655.74,False
ORD000343,ACC00065,49,485.64,False
ORD000344,ACC00065,27,1673.03,True
ORD000345,ACC00065,3,216.13,False
ORD000346,ACC00065,12,797.62,False
ORD000347,ACC00065,48,586.69,False
ORD000348,ACC00065,9,3101.19,False
ORD000349,ACC00065,37,460.99,False
ORD000350,ACC00065,45,1366.0,False
ORD000351,ACC00065,15,174.25,False
ORD000352,ACC00065,27,300.32,False
ORD000353,ACC00066,52,472.7,False
ORD000354,ACC00066,14,536.26,False
ORD000355,ACC00066,51,643.13,False
ORD000356,ACC00066,2,538.74,False
ORD000357,ACC00066,27,1753.32,False
ORD000358,ACC00066,4,1132.53,False
ORD000359,ACC00067,3,639.61,False
ORD000360,ACC00067,39,1422.33,False
ORD000361,ACC00067,37,1408.9,False
ORD000362,ACC00067,22,1508.53,False
ORD000363,ACC00068,52,1440.88,False
ORD000364,ACC00068,15,156.33,False
ORD000365,ACC00069,4,812.43,False
ORD000366,ACC00069,53,415.14,False
ORD000367,ACC00069,42,1124.16,False
ORD000368,ACC00069,39,1182.69,False
ORD000369,ACC00069,57,595.78,False
ORD000370,ACC00069,14,993.07,False
ORD000371,ACC00070,21,868.13,False
ORD000372,ACC00070,5,517.47,False
ORD000373,ACC00070,32,923.8,False
ORD000374,ACC00070,9,1998.79,False
ORD000375,ACC00070,46,259.75,False
ORD000376,ACC00071,5,2416.14,False
ORD000377,ACC00071,8,113.24,False
ORD000378,ACC00072,13,1785.54,False
ORD000379,ACC00072,0,1275.69,False
ORD000380,ACC00072,12,679.81,False
ORD000381,ACC00072,10,1539.45,False
ORD000382,ACC00072,3,440.66,False
ORD000383,ACC00072,21,305.43,False
ORD000384,ACC00073,45,461.65,False
ORD000385,ACC00073,18,1317.44,False
ORD000386,ACC00074,59,441.21,False
ORD000387,ACC00074,42,1456.08,False
ORD000388,ACC00074,29,922.7,False
ORD000389,ACC00074,48,1560.66,False
ORD000390,ACC00075,5,410.33,True
ORD000391,ACC00075,33,817.68,False
ORD000392,ACC00075,2,515.84,False
ORD000393,ACC00075,32,245.26,False
ORD000394,ACC00075,13,549.77,True
ORD000395,ACC00076,49,576.32,False
ORD000396,ACC00076,2,1096.3,False
ORD000397,ACC00076,9,304.69,False
ORD000398,ACC00076,33,900.72,False
ORD000399,ACC00077,45,210.28,False
ORD000400,ACC00077,46,914.74,False
ORD000401,ACC00077,4,642.51,False
ORD000402,ACC00078,38,488.39,False
ORD000403,ACC00078,10,1052.29,False
ORD000404,ACC00078,56,429.68,False
ORD000405,ACC00079,47,287.31,False
ORD000406,ACC00079,38,766.15,False
ORD000407,ACC00079,45,523.02,False
ORD000408,ACC00079,43,952.74,False
ORD000409,ACC00079,36,593.78,False
ORD000410,ACC00080,21,491.75,False
ORD000411,ACC00080,56,257.41,False
ORD000412,ACC00080,32,27.45,False
ORD000413,ACC00081,22,1872.14,False
ORD000414,ACC00081,38,559.69,False
ORD000415,ACC00081,7,893.04,False
ORD000416,ACC00081,15,211.71,False
ORD000417,ACC00081,12,1094.18,False
ORD000418,ACC00081,38,807.9,False
ORD000419,ACC00081,30,1778.44,False
ORD000420,ACC00082,57,719.24,False
ORD000421,ACC00082,46,1202.57,False
ORD000422,ACC00082,2,1864.01,False
ORD000423,ACC00082,20,998.65,False
ORD000424,ACC00082,15,1029.12,False
ORD000425,ACC00083,58,172.2,False
ORD000426,ACC00083,24,1260.95,False
ORD000427,ACC00083,1,724.32,False
ORD000428,ACC00083,59,996.66,False
ORD000429,ACC00083,14,1557.6,False
ORD000430,ACC00083,48,663.5,False
ORD000431,ACC00084,7,624.85,False
ORD000432,ACC00084,4,2229.35,True
ORD000433,ACC00084,36,930.65,False
ORD000434,ACC00084,24,1168.55,False
ORD000435,ACC00084,36,662.77,False
ORD000436,ACC00085,32,500.56,False
ORD000437,ACC00085,43,955.21,False
ORD000438,ACC00085,59,890.62,False
ORD000439,ACC00086,22,670.09,True
ORD000440,ACC00086,16,657.24,False
ORD000441,ACC00086,1,699.74,False
ORD000442,ACC00086,18,964.05,False
ORD000443,ACC00087,41,392.63,False
ORD000444,ACC00087,5,290.47,False
ORD000445,ACC00087,12,252.22,False
ORD000446,ACC00087,59,848.88,False
ORD000447,ACC00087,6,1183.69,False
ORD000448,ACC00088,26,2244.19,False
ORD000449,ACC00088,46,226.47,False
ORD000450,ACC00088,6,852.94,False
ORD000451,ACC00088,29,958.86,False
ORD000452,ACC00088,51,281.86,False
ORD000453,ACC00089,16,859.18,True
ORD000454,ACC00089,31,638.4,False
ORD000455,ACC00089,53,1968.9,False
ORD000456,ACC00089,17,92.79,False
ORD000457,ACC00089,0,730.72,False
ORD000458,ACC00089,5,1889.97,False
ORD000459,ACC00090,54,638.99,False
ORD000460,ACC00090,40,723.99,False
ORD000461,ACC00090,5,1244.47,False
ORD000462,ACC00090,8,1236.96,False
ORD000463,ACC00090,55,1056.66,False
ORD000464,ACC00090,44,135.39,False
ORD000465,ACC00090,7,1130.79,False
ORD000466,ACC00090,12,753.68,False
ORD000467,ACC00091,32,2001.91,False
ORD000468,ACC00091,43,435.78,False
ORD000469,ACC00091,50,693.84,False
ORD000470,ACC00091,36,731.04,False
ORD000471,ACC00091,37,359.29,False
ORD000472,ACC00092,24,832.14,True
ORD000473,ACC00092,20,999.11,True
ORD000474,ACC00092,14,433.05,False
ORD000475,ACC00092,13,50.88,True
ORD000476,ACC00092,23,970.65,False
ORD000477,ACC00092,46,346.75,False
ORD000478,ACC00093,32,152.76,False
ORD000479,ACC00093,42,568.34,False
ORD000480,ACC00093,6,372.32,False
ORD000481,ACC00093,58,952.18,False
ORD000482,ACC00094,41,1982.2,False
ORD000483,ACC00094,23,420.3,False
ORD000484,ACC00095,40,326.51,False
ORD000485,ACC00095,47,547.19,False
ORD000486,ACC00095,41,1112.84,False
ORD000487,ACC00096,47,371.06,False
ORD000488,ACC00096,38,505.63,False
ORD000489,ACC00096,46,569.25,True
ORD000490,ACC00096,19,478.92,False
ORD000491,ACC00097,49,488.41,False
ORD000492,ACC00097,23,418.46,False
ORD000493,ACC00097,57,978.05,False
ORD000494,ACC00097,45,203.45,True
ORD000495,ACC00097,1,497.07,False
ORD000496,ACC00097,4,268.16,False
ORD000497,ACC00097,37,840.7,False
ORD000498,ACC00097,52,514.06,False
ORD000499,ACC00098,9,615.46,False
ORD000500,ACC00098,43,644.66,False
ORD000501,ACC00098,13,876.8,False
ORD000502,ACC00098,24,1386.27,False
ORD000503,ACC00099,53,320.31,False
ORD000504,ACC00099,5,216.78,True
ORD000505,ACC00099,6,795.96,False
ORD000506,ACC00099,10,376.81,False
ORD000507,ACC00099,53,565.35,False
ORD000508,ACC00099,51,248.16,False
ORD000509,ACC00099,55,446.69,False
ORD000510,ACC00100,32,1390.63,False
ORD000511,ACC00100,1,688.04,False
ORD000512,ACC00100,27,277.17,False
ORD000513,ACC00100,44,315.61,False
ORD000514,ACC00100,0,675.48,True
ORD000515,ACC00101,18,721.88,False
ORD000516,ACC00101,43,2262.37,False
ORD000517,ACC00101,9,1578.32,False
ORD000518,ACC00101,24,1038.22,False
ORD000519,ACC00101,41,127.45,False
ORD000520,ACC00102,15,356.88,False
ORD000521,ACC00102,0,1028.08,False
ORD000522,ACC00102,46,370.67,True
ORD000523,ACC00102,50,208.69,False
ORD000524,ACC00103,9,441.06,False
ORD000525,ACC00103,40,304.42,False
ORD000526,ACC00103,58,621.92,False
ORD000527,ACC00103,25,1155.7,False
ORD000528,ACC00103,49,218.9,False
ORD000529,ACC00103,52,1394.25,False
ORD000530,ACC00104,30,87.98,False
ORD000531,ACC00104,42,118.02,False
ORD000532,ACC00104,44,610.04,False
ORD000533,ACC00105,47,1051.55,True
ORD000534,ACC00105,2,153.02,True
ORD000535,ACC00105,6,1170.44,True
ORD000536,ACC00106,55,333.58,True
ORD000537,ACC00106,42,1240.44,True
ORD000538,ACC00106,30,994.54,False
ORD000539,ACC00106,34,1003.82,False
ORD000540,ACC00106,37,378.28,False
ORD000541,ACC00106,9,1826.78,False
ORD000542,ACC00107,9,1549.9,False
ORD000543,ACC00107,31,355.63,False
ORD000544,ACC00108,6,940.08,False
ORD000545,ACC00108,55,1251.89,False
ORD000546,ACC00108,47,741.36,False
ORD000547,ACC00109,4,1149.33,False
ORD000548,ACC00109,8,847.59,False
ORD000549,ACC00109,15,1417.35,False
ORD000550,ACC00109,32,835.17,False
ORD000551,ACC00109,59,559.48,False
ORD000552,ACC00109,17,326.45,False
ORD000553,ACC00110,23,721.15,False
ORD000554,ACC00110,36,1410.55,False
ORD000555,ACC00110,11,2168.28,False
ORD000556,ACC00111,20,457.57,False
ORD000557,ACC00111,25,3237.23,False
ORD000558,ACC00111,28,696.79,False
ORD000559,ACC00111,34,1057.71,False
ORD000560,ACC00112,38,549.18,False
ORD000561,ACC00112,56,453.79,False
ORD000562,ACC00112,50,2146.31,False
ORD000563,ACC00112,16,179.19,False
ORD000564,ACC00112,6,415.37,False
ORD000565,ACC00112,33,207.02,False
ORD000566,ACC00112,37,284.28,False
ORD000567,ACC00113,46,706.92,False
ORD000568,ACC00113,22,253.0,False
ORD000569,ACC00114,39,352.39,False
ORD000570,ACC00114,7,274.39,False
ORD000571,ACC00114,26,657.57,False
ORD000572,ACC00114,26,749.35,False
ORD000573,ACC00114,17,1793.19,False
ORD000574,ACC00115,58,726.68,False
ORD000575,ACC00115,29,1812.39,False
ORD000576,ACC00115,42,187.78,False
ORD000577,ACC00115,56,2065.75,False
ORD000578,ACC00115,2,983.08,False
ORD000579,ACC00115,56,1924.84,True
ORD000580,ACC00115,49,296.93,False
ORD000581,ACC00115,59,1974.82,True
ORD000582,ACC00115,46,951.37,False
ORD000583,ACC00116,9,1065.02,False
ORD000584,ACC00116,52,671.0,False
ORD000585,ACC00116,31,347.64,False
ORD000586,ACC00116,26,427.16,False
ORD000587,ACC00117,50,792.02,False
ORD000588,ACC00117,6,1004.43,False
ORD000589,ACC00117,50,1678.53,False
ORD000590,ACC00118,18,772.75,False
ORD000591,ACC00118,15,1493.37,False
ORD000592,ACC00118,3,1473.2,False
ORD000593,ACC00118,47,2335.91,False
ORD000594,ACC00118,59,549.54,False
ORD000595,ACC00118,41,1011.4,False
ORD000596,ACC00119,34,797.06,False
ORD000597,ACC00119,30,1907.4,False
ORD000598,ACC00119,19,783.76,False
ORD000599,ACC00119,46,1527.53,False
ORD000600,ACC00119,12,774.03,False
ORD000601,ACC00120,43,728.14,False
ORD000602,ACC00120,10,721.89,False
ORD000603,ACC00120,44,2597.32,False
ORD000604,ACC00120,52,2168.22,False
ORD000605,ACC00120,22,469.7,False
ORD000606,ACC00120,36,184.68,False
ORD000607,ACC00120,44,1172.26,False
ORD000608,ACC00120,8,1489.87,True
ORD000609,ACC00120,31,87.21,True
ORD000610,ACC00120,33,2049.45,False
ORD000611,ACC00121,18,293.57,False
ORD000612,ACC00121,44,1654.53,True
ORD000613,ACC00121,37,501.1,True
ORD000614,ACC00121,53,466.15,False
ORD000615,ACC00121,42,975.27,True
ORD000616,ACC00122,52,420.75,False
ORD000617,ACC00122,38,537.33,False
ORD000618,ACC00122,34,202.2,False
ORD000619,ACC00122,19,1374.61,False
ORD000620,ACC00122,15,607.46,False
ORD000621,ACC00123,5,1006.4,True
ORD000622,ACC00123,27,2914.39,True
ORD000623,ACC00123,41,606.24,True
ORD000624,ACC00123,22,605.71,False
ORD000625,ACC00123,28,216.45,False
ORD000626,ACC00124,19,465.08,False
ORD000627,ACC00124,40,1349.55,False
ORD000628,ACC00124,59,2098.13,False
ORD000629,ACC00124,5,213.02,False
ORD000630,ACC00124,38,1767.3,False
ORD000631,ACC00125,49,2917.49,False
ORD000632,ACC00126,15,577.46,True
ORD000633,ACC00126,31,1288.01,False
ORD000634,ACC00126,13,1000.05,False
ORD000635,ACC00126,23,99.15,False
ORD000636,ACC00126,24,892.64,False
ORD000637,ACC00126,51,1476.48,False
ORD000638,ACC00126,37,136.9,False
ORD000639,ACC00126,38,1502.63,False
ORD000640,ACC00127,36,1038.33,True
ORD000641,ACC00127,38,654.37,False
ORD000642,ACC00127,15,1182.47,False
ORD000643,ACC00127,46,800.86,False
ORD000644,ACC00127,35,1070.99,False
ORD000645,ACC00127,2,1192.9,False
ORD000646,ACC00127,56,952.78,False
ORD000647,ACC00127,51,1015.72,False
ORD000648,ACC00128,0,291.19,False
ORD000649,ACC00128,31,425.08,False
ORD000650,ACC00128,24,1007.3,False
ORD000651,ACC00128,15,581.02,False
ORD000652,ACC00128,35,701.01,False
ORD000653,ACC00128,40,526.23,True
ORD000654,ACC00129,54,724.55,False
ORD000655,ACC00129,9,730.96,False
ORD000656,ACC00129,52,372.66,False
ORD000657,ACC00129,20,338.07,False
ORD000658,ACC00129,55,694.95,False
ORD000659,ACC00129,32,1294.8,False
ORD000660,ACC00130,25,352.27,False
ORD000661,ACC00130,14,948.04,False
ORD000662,ACC00130,29,1346.72,False
ORD000663,ACC00131,57,1868.41,False
ORD000664,ACC00131,11,673.8,False
ORD000665,ACC00131,51,346.55,False
ORD000666,ACC00131,34,357.04,False
ORD000667,ACC00131,19,308.47,False
ORD000668,ACC00132,54,1272.45,True
ORD000669,ACC00132,12,755.14,True
ORD000670,ACC00132,56,522.54,True
ORD000671,ACC00132,39,1176.13,False
ORD000672,ACC00132,5,1667.57,True
ORD000673,ACC00132,19,134.6,False
ORD000674,ACC00132,51,689.25,False
ORD000675,ACC00133,20,398.74,False
ORD000676,ACC00133,51,303.52,False
ORD000677,ACC00133,2,1648.89,False
ORD000678,ACC00133,24,432.58,False
ORD000679,ACC00133,42,271.01,False
ORD000680,ACC00133,12,385.42,False
ORD000681,ACC00134,44,939.76,False
ORD000682,ACC00134,8,2577.73,False
ORD000683,ACC00135,6,562.39,False
ORD000684,ACC00135,2,804.24,False
ORD000685,ACC00135,12,399.25,False
ORD000686,ACC00135,19,585.62,False
ORD000687,ACC00135,24,117.47,False
ORD000688,ACC00135,53,1097.8,False
ORD000689,ACC00136,11,1939.32,False
ORD000690,ACC00136,53,1151.59,False
ORD000691,ACC00136,9,833.2,False
ORD000692,ACC00136,29,186.22,True
ORD000693,ACC00136,49,191.07,False
ORD000694,ACC00136,0,582.66,False
ORD000695,ACC00136,29,1371.03,False
ORD000696,ACC00136,30,1065.42,False
ORD000697,ACC00137,20,747.9,False
ORD000698,ACC00137,21,774.35,False
ORD000699,ACC00137,2,1862.49,False
ORD000700,ACC00137,40,349.08,False
ORD000701,ACC00137,40,1600.61,False
ORD000702,ACC00138,32,787.51,False
ORD000703,ACC00138,18,437.47,False
ORD000704,ACC00138,40,1769.45,False
ORD000705,ACC00138,43,917.54,False
ORD000706,ACC00138,36,273.77,False
ORD000707,ACC00139,2,663.45,False
ORD000708,ACC00139,51,739.07,False
ORD000709,ACC00139,26,297.35,True
ORD000710,ACC00140,6,204.82,False
ORD000711,ACC00140,36,670.23,False
ORD000712,ACC00140,56,2064.42,False
ORD000713,ACC00140,42,990.13,False
ORD000714,ACC00140,14,1670.52,False
ORD000715,ACC00141,48,268.16,False
ORD000716,ACC00141,17,793.79,False
ORD000717,ACC00141,44,322.39,False
ORD000718,ACC00141,32,737.63,False
ORD000719,ACC00141,36,219.38,False
ORD000720,ACC00142,1,871.33,False
ORD000721,ACC00142,12,1581.01,False
ORD000722,ACC00142,10,1193.93,False
ORD000723,ACC00142,54,1041.14,False
ORD000724,ACC00142,57,1473.87,True
ORD000725,ACC00143,24,717.94,False
ORD000726,ACC00143,16,1126.58,False
ORD000727,ACC00144,37,1500.53,True
ORD000728,ACC00144,51,1168.8,True
ORD000729,ACC00144,23,154.94,False
ORD000730,ACC00144,49,1142.49,False
ORD000731,ACC00144,54,584.2,False
ORD000732,ACC00145,37,897.07,False
ORD000733,ACC00145,7,1141.32,False
ORD000734,ACC00145,2,594.92,False
ORD000735,ACC00145,28,190.6,False
ORD000736,ACC00146,9,841.8,False
ORD000737,ACC00146,58,444.19,False
ORD000738,ACC00146,19,1293.6,False
ORD000739,ACC00147,11,673.12,False
ORD000740,ACC00147,13,3258.62,False
ORD000741,ACC00147,38,1823.5,False
ORD000742,ACC00147,17,684.91,False
ORD000743,ACC00147,43,747.44,False
ORD000744,ACC00147,34,3130.11,False
ORD000745,ACC00147,43,561.92,False
ORD000746,ACC00148,51,697.28,True
ORD000747,ACC00148,57,583.62,False
ORD000748,ACC00148,17,1446.03,False
ORD000749,ACC00148,38,1061.5,True
ORD000750,ACC00149,59,152.3,False
ORD000751,ACC00149,19,2390.61,False
ORD000752,ACC00149,18,349.84,False
ORD000753,ACC00149,23,2314.44,False
ORD000754,ACC00149,41,471.75,False
ORD000755,ACC00149,57,164.1,False
ORD000756,ACC00149,20,1261.57,False
ORD000757,ACC00149,12,203.65,False
ORD000758,ACC00149,45,1160.44,False
ORD000759,ACC00150,32,319.58,False
ORD000760,ACC00150,59,781.82,False
ORD000761,ACC00151,58,343.76,False
ORD000762,ACC00151,33,182.71,False
ORD000763,ACC00151,40,194.54,False
ORD000764,ACC00152,42,379.37,False
ORD000765,ACC00152,52,1835.89,False
ORD000766,ACC00153,50,385.94,False
ORD000767,ACC00153,13,799.29,False
ORD000768,ACC00154,40,1124.92,False
ORD000769,ACC00154,41,281.73,False
ORD000770,ACC00154,30,1225.65,False
ORD000771,ACC00154,31,215.52,False
ORD000772,ACC00154,34,229.68,False
ORD000773,ACC00155,38,893.06,True
ORD000774,ACC00155,30,159.02,False
ORD000775,ACC00155,24,712.11,True
ORD000776,ACC00155,28,234.58,False
ORD000777,ACC00156,38,531.0,True
ORD000778,ACC00156,45,1315.75,False
ORD000779,ACC00156,19,784.69,False
ORD000780,ACC00156,18,547.69,True
ORD000781,ACC00156,20,1897.2,True
ORD000782,ACC00157,56,436.36,False
ORD000783,ACC00157,37,1388.22,False
ORD000784,ACC00157,11,999.94,False
ORD000785,ACC00157,17,1346.99,True
ORD000786,ACC00157,53,1874.19,False
ORD000787,ACC00157,38,363.93,True
ORD000788,ACC00158,17,1107.81,False
ORD000789,ACC00158,13,553.67,False
ORD000790,ACC00158,32,1240.7,False
ORD000791,ACC00158,38,1114.86,False
ORD000792,ACC00158,38,1857.78,False
ORD000793,ACC00159,2,105.35,False
ORD000794,ACC00159,51,1413.23,False
ORD000795,ACC00160,17,1408.87,False
ORD000796,ACC00160,54,418.61,False
ORD000797,ACC00160,22,1777.99,False
ORD000798,ACC00160,34,1559.4,False
ORD000799,ACC00160,21,1769.7,True
ORD000800,ACC00160,50,162.4,False
ORD000801,ACC00161,24,638.43,False
ORD000802,ACC00161,50,272.02,False
ORD000803,ACC00161,35,675.79,False
ORD000804,ACC00161,45,1561.84,False
ORD000805,ACC00161,29,3282.51,False
ORD000806,ACC00162,2,892.8,False
ORD000807,ACC00162,24,1062.29,False
ORD000808,ACC00162,1,507.65,False
ORD000809,ACC00162,45,1444.63,False
ORD000810,ACC00162,25,436.73,False
ORD000811,ACC00162,30,828.06,False
ORD000812,ACC00163,49,211.41,False
ORD000813,ACC00163,40,88.23,False
ORD000814,ACC00163,3,593.0,False
ORD000815,ACC00163,29,337.96,True
ORD000816,ACC00164,7,975.08,False
ORD000817,ACC00164,45,1925.67,False
ORD000818,ACC00164,3,603.97,False
ORD000819,ACC00164,24,495.66,False
ORD000820,ACC00164,49,566.8,False
ORD000821,ACC00164,59,1866.68,False
ORD000822,ACC00164,43,1504.51,False
ORD000823,ACC00164,43,442.02,False
ORD000824,ACC00164,15,1859.44,False
ORD000825,ACC00164,49,895.98,False
ORD000826,ACC00164,39,1210.79,False
ORD000827,ACC00165,56,1439.67,False
ORD000828,ACC00165,36,307.07,False
ORD000829,ACC00166,45,307.51,True
ORD000830,ACC00166,26,337.47,True
ORD000831,ACC00166,45,405.7,False
ORD000832,ACC00166,32,341.05,False
ORD000833,ACC00166,42,1680.18,False
ORD000834,ACC00166,7,1042.68,False
ORD000835,ACC00167,0,441.96,False
ORD000836,ACC00167,31,2523.07,False
ORD000837,ACC00167,17,1026.72,False
ORD000838,ACC00167,52,66.55,False
ORD000839,ACC00168,55,592.2,False
ORD000840,ACC00168,36,1021.05,False
ORD000841,ACC00168,52,135.34,False
ORD000842,ACC00168,35,1883.81,False
ORD000843,ACC00168,46,1019.46,False
ORD000844,ACC00168,46,694.55,False
ORD000845,ACC00168,26,2535.26,False
ORD000846,ACC00168,55,3326.57,False
ORD000847,ACC00169,54,1097.94,False
ORD000848,ACC00169,53,325.46,False
ORD000849,ACC00169,5,997.7,False
ORD000850,ACC00170,15,734.2,False
ORD000851,ACC00170,24,413.27,False
ORD000852,ACC00170,40,1126.92,False
ORD000853,ACC00171,39,1091.39,False
ORD000854,ACC00171,16,986.34,False
ORD000855,ACC00171,31,648.77,False
ORD000856,ACC00171,34,1358.53,False
ORD000857,ACC00171,32,405.09,True
ORD000858,ACC00171,3,2109.67,False
ORD000859,ACC00171,49,1296.2,False
ORD000860,ACC00171,20,1285.07,False
ORD000861,ACC00172,8,726.66,False
ORD000862,ACC00172,51,725.7,False
ORD000863,ACC00172,52,559.53,False
ORD000864,ACC00172,35,1888.5,False
ORD000865,ACC00172,37,1168.4,False
ORD000866,ACC00172,3,920.96,True
ORD000867,ACC00172,53,270.05,False
ORD000868,ACC00172,40,964.16,False
ORD000869,ACC00172,23,175.72,False
ORD000870,ACC00173,16,983.95,False
ORD000871,ACC00173,13,534.64,False
ORD000872,ACC00173,55,312.98,False
ORD000873,ACC00173,57,1328.69,True
ORD000874,ACC00174,22,613.52,False
ORD000875,ACC00174,21,678.11,True
ORD000876,ACC00174,0,1278.04,False
ORD000877,ACC00174,56,3634.58,False
ORD000878,ACC00174,50,287.04,True
ORD000879,ACC00174,15,597.64,False
ORD000880,ACC00174,8,5293.91,True
ORD000881,ACC00174,50,376.78,False
ORD000882,ACC00175,55,711.65,False
ORD000883,ACC00175,47,237.76,False
ORD000884,ACC00175,20,1791.89,False
ORD000885,ACC00175,50,727.48,False
ORD000886,ACC00176,17,607.55,False
ORD000887,ACC00176,53,520.78,False
ORD000888,ACC00177,26,1028.4,False
ORD000889,ACC00177,38,180.29,False
ORD000890,ACC00177,23,302.98,False
ORD000891,ACC00177,2,405.19,False
ORD000892,ACC00177,40,218.49,False
ORD000893,ACC00178,44,1240.09,False
ORD000894,ACC00178,28,432.57,False
ORD000895,ACC00178,40,1624.26,False
ORD000896,ACC00179,22,4051.76,False
ORD000897,ACC00179,21,376.3,False
ORD000898,ACC00179,4,466.83,False
ORD000899,ACC00180,32,2324.26,False
ORD000900,ACC00181,42,44.14,False
ORD000901,ACC00181,37,206.63,False
ORD000902,ACC00182,58,1093.43,False
ORD000903,ACC00182,58,292.62,True
ORD000904,ACC00182,43,446.23,False
ORD000905,ACC00182,44,220.01,False
ORD000906,ACC00182,1,958.49,False
ORD000907,ACC00182,56,851.36,True
ORD000908,ACC00182,31,1376.95,False
ORD000909,ACC00182,20,682.92,False
ORD000910,ACC00182,40,570.47,True
ORD000911,ACC00183,32,1349.23,False
ORD000912,ACC00183,54,1860.86,False
ORD000913,ACC00183,50,711.78,False
ORD000914,ACC00183,58,846.55,False
ORD000915,ACC00183,59,521.6,False
ORD000916,ACC00184,11,694.42,True
ORD000917,ACC00184,19,1192.49,False
ORD000918,ACC00184,8,1744.4,False
ORD000919,ACC00184,37,1380.65,False
ORD000920,ACC00185,21,982.2,False
ORD000921,ACC00185,39,302.36,False
ORD000922,ACC00185,33,619.4,False
ORD000923,ACC00185,52,355.59,False
ORD000924,ACC00185,30,1166.58,False
ORD000925,ACC00185,25,1507.98,False
ORD000926,ACC00185,0,891.37,False
ORD000927,ACC00186,28,506.7,True
ORD000928,ACC00186,37,817.17,False
ORD000929,ACC00186,59,182.7,False
ORD000930,ACC00186,20,1489.81,False
ORD000931,ACC00186,10,557.1,True
ORD000932,ACC00186,58,747.88,True
ORD000933,ACC00187,8,1456.08,False
ORD000934,ACC00187,23,949.29,False
ORD000935,ACC00187,4,298.07,False
ORD000936,ACC00187,6,932.62,False
ORD000937,ACC00188,15,395.13,False
ORD000938,ACC00188,6,540.92,False
ORD000939,ACC00188,34,387.98,False
ORD000940,ACC00188,13,319.31,False
ORD000941,ACC00188,53,720.88,False
ORD000942,ACC00188,47,312.23,False
ORD000943,ACC00189,45,418.08,False
ORD000944,ACC00189,24,468.57,False
ORD000945,ACC00189,30,1320.12,False
ORD000946,ACC00189,35,887.86,False
ORD000947,ACC00189,7,1265.28,False
ORD000948,ACC00189,14,807.78,False
ORD000949,ACC00189,42,582.97,False
ORD000950,ACC00190,25,785.29,False
ORD000951,ACC00190,22,1051.09,False
ORD000952,ACC00190,59,155.91,False
ORD000953,ACC00190,49,2150.55,False
ORD000954,ACC00190,29,606.69,True
ORD000955,ACC00191,40,1032.67,False
ORD000956,ACC00191,2,1445.1,True
ORD000957,ACC00191,33,592.06,False
ORD000958,ACC00191,14,248.24,False
ORD000959,ACC00191,24,1559.52,True
ORD000960,ACC00192,30,949.27,False
ORD000961,ACC00192,30,132.22,True
ORD000962,ACC00192,50,365.28,False
ORD000963,ACC00192,5,653.53,False
ORD000964,ACC00192,39,619.76,False
ORD000965,ACC00192,44,249.74,False
ORD000966,ACC00192,38,773.64,False
ORD000967,ACC00193,14,965.05,False
ORD000968,ACC00193,25,506.86,False
ORD000969,ACC00193,53,851.82,False
ORD000970,ACC00193,24,199.9,False
ORD000971,ACC00194,48,296.76,False
ORD000972,ACC00194,15,582.37,False
ORD000973,ACC00194,54,710.5,False
ORD000974,ACC00194,42,1176.32,False
ORD000975,ACC00194,57,1626.33,False
ORD000976,ACC00195,50,3218.17,False
ORD000977,ACC00195,29,2732.43,False
ORD000978,ACC00195,45,1191.87,False
ORD000979,ACC00196,22,834.59,False
ORD000980,ACC00196,25,1251.22,False
ORD000981,ACC00196,12,725.02,False
ORD000982,ACC00196,51,555.96,False
ORD000983,ACC00196,52,1474.35,False
ORD000984,ACC00196,5,259.22,False
ORD000985,ACC00197,8,972.49,False
ORD000986,ACC00197,24,1709.83,False
ORD000987,ACC00197,40,310.91,False
ORD000988,ACC00197,9,603.07,False
ORD000989,ACC00197,59,176.86,False
ORD000990,ACC00197,42,331.06,False
ORD000991,ACC00197,7,756.53,False
ORD000992,ACC00197,18,583.02,False
ORD000993,ACC00198,42,401.73,False
ORD000994,ACC00198,20,2621.17,False
ORD000995,ACC00198,48,267.38,False
ORD000996,ACC00199,56,193.91,False
ORD000997,ACC00199,11,279.96,False
ORD000998,ACC00199,49,519.06,False
ORD000999,ACC00199,38,1006.47,False
ORD001000,ACC00199,23,1730.17,False
ORD001001,ACC00200,53,487.03,False
ORD001002,ACC00200,6,1223.19,True
ORD001003,ACC00200,57,486.64,False
ORD001004,ACC00200,16,392.3,False
ORD001005,ACC00200,27,490.45,False
ORD001006,ACC00200,15,1381.89,False
ORD001007,ACC00200,53,409.21,True
ORD001008,ACC00200,53,628.93,False
ORD001009,ACC00200,39,464.6,False
ORD001010,ACC00201,20,55.57,False
ORD001011,ACC00201,25,458.56,False
ORD001012,ACC00201,31,2088.96,False
ORD001013,ACC00202,19,856.82,False
ORD001014,ACC00202,42,73.62,True
ORD001015,ACC00202,36,660.07,False
ORD001016,ACC00202,2,207.54,False
ORD001017,ACC00202,0,1344.72,True
ORD001018,ACC00203,56,1206.31,False
ORD001019,ACC00203,9,605.59,False
ORD001020,ACC00203,42,878.27,False
ORD001021,ACC00203,53,592.16,False
ORD001022,ACC00203,32,203.72,False
ORD001023,ACC00203,2,464.44,False
ORD001024,ACC00204,21,488.53,False
ORD001025,ACC00204,36,1012.55,False
ORD001026,ACC00204,59,270.5,False
ORD001027,ACC00204,37,538.67,False
ORD001028,ACC00205,27,85.24,False
ORD001029,ACC00205,43,621.66,False
ORD001030,ACC00206,16,2178.0,False
ORD001031,ACC00206,16,257.77,False
ORD001032,ACC00206,42,841.38,False
ORD001033,ACC00206,1,864.79,True
ORD001034,ACC00207,50,1735.54,False
ORD001035,ACC00207,29,1215.29,False
ORD001036,ACC00207,51,1246.77,False
ORD001037,ACC00207,15,459.06,False
ORD001038,ACC00207,12,1996.67,False
ORD001039,ACC00208,47,367.38,False
ORD001040,ACC00208,53,629.08,False
ORD001041,ACC00208,50,425.76,True
ORD001042,ACC00208,20,519.62,False
ORD001043,ACC00208,19,1113.81,False
ORD001044,ACC00208,53,777.15,True
ORD001045,ACC00209,23,2569.88,False
ORD001046,ACC00209,30,304.18,False
ORD001047,ACC00209,42,1283.16,False
ORD001048,ACC00209,21,357.28,False
ORD001049,ACC00210,18,1112.38,False
ORD001050,ACC00210,46,348.75,False
ORD001051,ACC00210,38,1250.92,False
ORD001052,ACC00210,10,779.5,False
ORD001053,ACC00210,56,1247.56,False
ORD001054,ACC00211,19,1013.51,False
ORD001055,ACC00211,32,2236.57,False
ORD001056,ACC00211,25,1322.35,True
ORD001057,ACC00211,50,687.8,False
ORD001058,ACC00211,41,287.14,False
ORD001059,ACC00211,29,351.03,False
ORD001060,ACC00211,58,302.36,False
ORD001061,ACC00212,36,510.75,False
ORD001062,ACC00212,15,781.66,False
ORD001063,ACC00212,59,723.26,False
ORD001064,ACC00212,2,497.86,False
ORD001065,ACC00212,9,1000.7,False
ORD001066,ACC00212,59,672.12,False
ORD001067,ACC00212,27,471.91,True
ORD001068,ACC00213,50,337.68,False
ORD001069,ACC00213,30,526.33,False
ORD001070,ACC00213,42,1630.14,False
ORD001071,ACC00213,58,410.38,False
ORD001072,ACC00213,49,1572.93,False
ORD001073,ACC00214,24,1550.8,False
ORD001074,ACC00214,22,276.05,False
ORD001075,ACC00214,57,279.9,False
ORD001076,ACC00215,58,1664.88,False
ORD001077,ACC00215,1,214.34,False
ORD001078,ACC00215,2,719.47,False
ORD001079,ACC00216,46,2871.67,False
ORD001080,ACC00216,30,1392.27,False
ORD001081,ACC00216,48,369.41,False
ORD001082,ACC00216,7,597.24,True
ORD001083,ACC00216,21,1140.89,True
ORD001084,ACC00216,30,772.37,False
ORD001085,ACC00216,55,1263.33,True
ORD001086,ACC00217,32,871.73,False
ORD001087,ACC00217,36,436.02,False
ORD001088,ACC00217,56,125.01,False
ORD001089,ACC00217,20,874.67,False
ORD001090,ACC00217,45,585.38,False
ORD001091,ACC00217,43,392.39,False
ORD001092,ACC00218,15,100.78,False
ORD001093,ACC00218,45,1333.74,True
ORD001094,ACC00218,6,527.03,False
ORD001095,ACC00218,35,612.64,False
ORD001096,ACC00218,2,398.1,False
ORD001097,ACC00218,59,565.58,True
ORD001098,ACC00218,50,467.36,True
ORD001099,ACC00218,14,478.27,True
ORD001100,ACC00218,9,744.58,False
ORD001101,ACC00218,38,1655.13,True
ORD001102,ACC00219,40,769.22,False
ORD001103,ACC00219,15,1833.23,False
ORD001104,ACC00219,51,70.44,False
ORD001105,ACC00219,45,971.79,False
ORD001106,ACC00219,56,1165.31,False
ORD001107,ACC00219,16,1391.15,False
ORD001108,ACC00219,10,1243.74,False
ORD001109,ACC00219,28,841.32,False
ORD001110,ACC00219,15,1049.66,False
ORD001111,ACC00220,44,153.5,True
ORD001112,ACC00220,18,1314.83,False
ORD001113,ACC00220,32,897.51,True
ORD001114,ACC00220,31,153.71,False
ORD001115,ACC00221,11,288.11,False
ORD001116,ACC00221,28,369.86,False
ORD001117,ACC00221,46,614.09,False
ORD001118,ACC00221,18,429.89,False
ORD001119,ACC00221,36,1354.0,False
ORD001120,ACC00222,59,246.55,False
ORD001121,ACC00222,7,445.83,False
ORD001122,ACC00222,2,1020.55,False
ORD001123,ACC00222,27,332.78,False
ORD001124,ACC00222,21,1335.75,False
ORD001125,ACC00222,37,1432.3,False
ORD001126,ACC00223,40,1823.25,False
ORD001127,ACC00223,16,583.52,False
ORD001128,ACC00224,11,1239.06,False
ORD001129,ACC00224,14,1043.76,True
ORD001130,ACC00224,11,2870.56,False
ORD001131,ACC00224,13,533.51,False
ORD001132,ACC00224,27,330.27,False
ORD001133,ACC00224,35,1043.54,True
ORD001134,ACC00225,22,1125.37,False
ORD001135,ACC00225,14,401.1,False
ORD001136,ACC00225,11,1921.4,False
ORD001137,ACC00225,0,893.44,True
ORD001138,ACC00225,17,504.64,False
ORD001139,ACC00225,50,746.31,False
ORD001140,ACC00226,49,297.96,False
ORD001141,ACC00226,54,922.0,False
ORD001142,ACC00226,14,554.82,False
ORD001143,ACC00226,53,470.95,False
ORD001144,ACC00226,49,562.96,False
ORD001145,ACC00226,29,1977.46,False
ORD001146,ACC00226,22,390.31,False
ORD001147,ACC00226,28,1066.72,False
ORD001148,ACC00226,40,1146.46,False
ORD001149,ACC00227,48,1539.67,False
ORD001150,ACC00227,40,2618.57,False
ORD001151,ACC00227,42,277.46,False
ORD001152,ACC00227,9,1063.47,False
ORD001153,ACC00227,8,1520.23,False
ORD001154,ACC00227,26,331.39,False
ORD001155,ACC00227,19,277.27,False
ORD001156,ACC00227,0,625.48,False
ORD001157,ACC00227,33,684.23,False
ORD001158,ACC00228,6,1666.96,False
ORD001159,ACC00228,29,1360.02,False
ORD001160,ACC00228,31,756.33,False
ORD001161,ACC00228,34,100.94,False
ORD001162,ACC00229,19,882.01,False
ORD001163,ACC00229,55,1919.81,True
ORD001164,ACC00229,40,1070.29,False
ORD001165,ACC00229,9,715.12,False
ORD001166,ACC00230,30,1432.36,False
ORD001167,ACC00230,43,877.3,False
ORD001168,ACC00230,21,722.87,False
ORD001169,ACC00230,44,2400.58,False
ORD001170,ACC00230,58,999.34,False
ORD001171,ACC00230,20,1360.42,True
ORD001172,ACC00230,0,257.24,False
ORD001173,ACC00230,44,1161.66,True
ORD001174,ACC00231,1,831.95,True
ORD001175,ACC00231,38,124.1,False
ORD001176,ACC00231,29,287.56,False
ORD001177,ACC00232,27,1425.48,False
ORD001178,ACC00232,10,943.87,False
ORD001179,ACC00232,13,911.55,False
ORD001180,ACC00232,58,862.1,False
ORD001181,ACC00233,30,1479.82,False
ORD001182,ACC00233,9,371.67,False
ORD001183,ACC00233,22,83.12,False
ORD001184,ACC00233,9,474.34,False
ORD001185,ACC00233,47,619.64,False
ORD001186,ACC00233,46,789.04,False
ORD001187,ACC00234,11,534.35,False
ORD001188,ACC00234,22,1189.5,False
ORD001189,ACC00234,11,1516.92,False
ORD001190,ACC00235,49,176.88,False
ORD001191,ACC00235,8,394.21,False
ORD001192,ACC00235,9,782.85,False
ORD001193,ACC00236,31,280.98,False
ORD001194,ACC00236,17,710.03,False
ORD001195,ACC00236,40,670.79,False
ORD001196,ACC00236,58,860.63,False
ORD001197,ACC00236,37,961.33,True
ORD001198,ACC00237,45,864.75,False
ORD001199,ACC00237,18,1370.4,False
ORD001200,ACC00237,10,2028.2,False
ORD001201,ACC00237,47,457.45,False
ORD001202,ACC00237,38,505.02,False
ORD001203,ACC00238,32,196.82,False
ORD001204,ACC00238,10,1342.53,False
ORD001205,ACC00238,55,2658.7,False
ORD001206,ACC00239,27,527.23,False
ORD001207,ACC00239,53,2516.87,False
ORD001208,ACC00239,45,246.79,False
ORD001209,ACC00239,52,326.42,False
ORD001210,ACC00240,41,377.17,False
ORD001211,ACC00240,11,416.48,False
ORD001212,ACC00240,13,456.62,False
ORD001213,ACC00240,48,1263.01,False
ORD001214,ACC00240,5,2559.65,False
ORD001215,ACC00241,39,459.12,False
ORD001216,ACC00241,6,1120.79,False
ORD001217,ACC00241,2,1790.81,False
ORD001218,ACC00241,57,214.57,False
ORD001219,ACC00241,19,1548.35,False
ORD001220,ACC00242,36,381.51,False
ORD001221,ACC00242,58,1396.55,False
ORD001222,ACC00242,27,771.41,True
ORD001223,ACC00242,7,958.14,False
ORD001224,ACC00242,1,1225.69,False
ORD001225,ACC00242,45,1094.48,True
ORD001226,ACC00243,1,1081.83,False
ORD001227,ACC00243,7,446.03,False
ORD001228,ACC00243,20,484.77,False
ORD001229,ACC00243,42,498.58,False
ORD001230,ACC00244,9,1005.91,True
ORD001231,ACC00244,34,925.95,False
ORD001232,ACC00244,55,422.12,False
ORD001233,ACC00244,43,842.33,True
ORD001234,ACC00245,37,447.31,True
ORD001235,ACC00245,48,953.23,False
ORD001236,ACC00245,41,473.28,False
ORD001237,ACC00245,55,168.62,False
ORD001238,ACC00246,36,380.37,False
ORD001239,ACC00246,17,1277.78,False
ORD001240,ACC00246,33,1448.03,False
ORD001241,ACC00246,37,61.68,False
ORD001242,ACC00246,11,579.69,False
ORD001243,ACC00247,2,800.76,False
ORD001244,ACC00247,40,182.11,False
ORD001245,ACC00247,13,2116.27,False
ORD001246,ACC00247,35,523.23,False
ORD001247,ACC00248,48,205.41,False
ORD001248,ACC00248,12,499.29,False
ORD001249,ACC00249,30,520.55,False
ORD001250,ACC00249,41,202.06,False
ORD001251,ACC00249,17,633.92,False
ORD001252,ACC00249,17,820.14,False
ORD001253,ACC00250,10,2281.23,False
ORD001254,ACC00250,32,2186.21,False
ORD001255,ACC00250,11,450.29,True
ORD001256,ACC00251,6,918.75,False
ORD001257,ACC00251,58,697.21,False
ORD001258,ACC00251,56,1428.2,False
ORD001259,ACC00251,56,513.08,False
ORD001260,ACC00252,3,402.97,False
ORD001261,ACC00252,52,327.83,False
ORD001262,ACC00252,2,539.53,False
ORD001263,ACC00253,40,192.84,False
ORD001264,ACC00253,49,1337.73,False
ORD001265,ACC00253,4,333.08,False
ORD001266,ACC00254,44,373.59,False
ORD001267,ACC00254,30,1264.45,False
ORD001268,ACC00254,1,311.63,False
ORD001269,ACC00254,52,1200.77,False
ORD001270,ACC00254,16,1229.43,False
ORD001271,ACC00254,14,207.93,False
ORD001272,ACC00254,48,1340.63,False
ORD001273,ACC00255,47,937.6,False
ORD001274,ACC00255,32,898.68,False
ORD001275,ACC00255,49,308.64,False
ORD001276,ACC00256,59,122.61,False
ORD001277,ACC00256,46,1663.22,False
ORD001278,ACC00256,14,143.89,False
ORD001279,ACC00256,41,1169.92,False
ORD001280,ACC00256,1,375.89,False
ORD001281,ACC00256,16,478.69,False
ORD001282,ACC00257,51,986.27,False
ORD001283,ACC00257,7,1061.8,False
ORD001284,ACC00257,12,310.59,True
ORD001285,ACC00257,2,166.0,False
ORD001286,ACC00257,51,733.51,True
ORD001287,ACC00257,24,745.82,False
ORD001288,ACC00257,2,579.47,False
ORD001289,ACC00257,2,3288.17,False
ORD001290,ACC00257,55,1650.76,True
ORD001291,ACC00258,52,1174.79,False
ORD001292,ACC00258,16,2061.27,False
ORD001293,ACC00258,9,849.16,False
ORD001294,ACC00259,34,1643.72,False
ORD001295,ACC00259,43,984.3,False
ORD001296,ACC00259,18,155.81,False
ORD001297,ACC00259,46,394.42,False
ORD001298,ACC00260,41,802.57,False
ORD001299,ACC00260,29,582.93,False
ORD001300,ACC00260,55,586.04,False
ORD001301,ACC00260,14,1718.71,False
ORD001302,ACC00260,8,731.05,True
ORD001303,ACC00260,37,454.91,False
ORD001304,ACC00260,19,577.42,False
ORD001305,ACC00260,28,808.17,False
ORD001306,ACC00260,27,564.47,False
ORD001307,ACC00261,15,722.74,False
ORD001308,ACC00261,40,988.76,False
ORD001309,ACC00262,35,276.04,False
ORD001310,ACC00262,50,804.4,False
ORD001311,ACC00262,3,2252.74,False
ORD001312,ACC00262,13,766.96,False
ORD001313,ACC00262,25,270.01,False
ORD001314,ACC00262,52,847.48,False
ORD001315,ACC00262,14,976.03,False
ORD001316,ACC00262,58,1403.91,False
ORD001317,ACC00263,57,939.63,False
ORD001318,ACC00263,28,777.21,False
ORD001319,ACC00263,33,1594.49,False
ORD001320,ACC00263,23,76.89,False
ORD001321,ACC00264,38,673.34,True
ORD001322,ACC00264,24,994.2,False
ORD001323,ACC00264,34,1628.64,False
ORD001324,ACC00264,21,572.48,False
ORD001325,ACC00264,0,126.95,False
ORD001326,ACC00264,42,799.79,False
ORD001327,ACC00264,8,637.13,False
ORD001328,ACC00265,31,300.51,True
ORD001329,ACC00265,18,347.37,False
ORD001330,ACC00265,15,353.95,False
ORD001331,ACC00265,40,660.32,False
ORD001332,ACC00265,40,480.44,False
ORD001333,ACC00265,32,485.62,False
ORD001334,ACC00266,40,1809.25,False
ORD001335,ACC00266,25,3416.19,False
ORD001336,ACC00266,16,737.26,False
ORD001337,ACC00266,34,464.19,False
ORD001338,ACC00267,33,684.35,False
ORD001339,ACC00267,29,456.77,False
ORD001340,ACC00267,46,718.86,False
ORD001341,ACC00268,31,531.45,False
ORD001342,ACC00268,10,1348.61,False
ORD001343,ACC00268,37,284.57,False
ORD001344,ACC00269,24,90.56,True
ORD001345,ACC00269,56,827.82,False
ORD001346,ACC00269,36,820.97,True
ORD001347,ACC00269,14,548.96,False
ORD001348,ACC00269,5,475.61,False
ORD001349,ACC00269,45,906.51,False
ORD001350,ACC00270,17,747.72,False
ORD001351,ACC00270,13,1406.28,False
ORD001352,ACC00270,15,949.39,False
ORD001353,ACC00270,33,1684.65,False
ORD001354,ACC00270,13,2288.83,True
ORD001355,ACC00271,21,79.33,False
ORD001356,ACC00271,9,898.11,False
ORD001357,ACC00271,11,95.77,False
ORD001358,ACC00271,51,805.33,False
ORD001359,ACC00271,0,1430.5,False
ORD001360,ACC00272,48,2073.49,False
ORD001361,ACC00272,21,667.95,False
ORD001362,ACC00272,55,830.37,False
ORD001363,ACC00272,55,923.66,False
ORD001364,ACC00273,7,52.04,True
ORD001365,ACC00273,27,264.03,False
ORD001366,ACC00273,18,182.66,False
ORD001367,ACC00273,57,445.44,False
ORD001368,ACC00273,47,1006.46,False
ORD001369,ACC00274,21,535.1,False
ORD001370,ACC00274,36,375.19,False
ORD001371,ACC00274,28,192.66,False
ORD001372,ACC00274,7,396.46,False
ORD001373,ACC00274,26,630.59,False
ORD001374,ACC00274,56,411.78,False
ORD001375,ACC00274,19,168.96,False
ORD001376,ACC00274,40,616.09,False
ORD001377,ACC00274,24,1784.68,False
ORD001378,ACC00274,17,183.87,False
ORD001379,ACC00275,23,2184.69,False
ORD001380,ACC00275,15,799.65,False
ORD001381,ACC00276,19,2146.04,False
ORD001382,ACC00276,9,290.92,False
ORD001383,ACC00276,8,1059.23,False
ORD001384,ACC00277,50,900.75,False
ORD001385,ACC00277,54,1209.42,False
ORD001386,ACC00277,14,2593.41,False
ORD001387,ACC00277,10,702.33,True
ORD001388,ACC00277,55,583.16,False
ORD001389,ACC00278,5,527.26,False
ORD001390,ACC00278,14,1282.57,False
ORD001391,ACC00278,2,2394.23,False
ORD001392,ACC00278,51,1365.38,False
ORD001393,ACC00279,0,1173.67,False
ORD001394,ACC00279,5,732.82,True
ORD001395,ACC00279,31,382.63,False
ORD001396,ACC00279,18,933.66,False
ORD001397,ACC00279,3,689.54,False
ORD001398,ACC00279,22,333.39,False
ORD001399,ACC00280,24,866.84,True
ORD001400,ACC00280,43,709.23,False
ORD001401,ACC00280,23,216.95,False
ORD001402,ACC00280,4,1140.09,True
ORD001403,ACC00280,20,288.41,False
ORD001404,ACC00280,59,198.99,False
ORD001405,ACC00281,31,1108.78,False
ORD001406,ACC00281,28,262.18,False
ORD001407,ACC00282,43,1321.26,False
ORD001408,ACC00282,59,1271.25,False
ORD001409,ACC00282,38,670.6,False
ORD001410,ACC00282,21,1934.24,False
ORD001411,ACC00282,16,321.8,False
ORD001412,ACC00282,10,1246.8,False
ORD001413,ACC00282,58,793.23,False
ORD001414,ACC00283,19,1617.82,True
ORD001415,ACC00283,23,625.87,False
ORD001416,ACC00283,5,1182.24,False
ORD001417,ACC00283,34,601.15,False
ORD001418,ACC00284,14,576.61,False
ORD001419,ACC00284,4,511.75,False
ORD001420,ACC00284,52,281.41,False
ORD001421,ACC00284,4,1010.31,False
ORD001422,ACC00284,50,506.75,False
ORD001423,ACC00284,22,683.86,False
ORD001424,ACC00285,48,529.85,False
ORD001425,ACC00285,4,324.93,False
ORD001426,ACC00285,55,751.87,False
ORD001427,ACC00286,3,1302.1,True
ORD001428,ACC00286,0,465.46,False
ORD001429,ACC00286,42,158.55,False
ORD001430,ACC00286,32,1602.14,True
ORD001431,ACC00287,14,1319.6,False
ORD001432,ACC00287,46,691.74,False
ORD001433,ACC00288,28,597.04,False
ORD001434,ACC00288,39,376.73,False
ORD001435,ACC00288,15,647.79,False
ORD001436,ACC00288,5,1837.78,False
ORD001437,ACC00288,16,884.76,False
ORD001438,ACC00288,31,562.59,False
ORD001439,ACC00288,16,966.01,False
ORD001440,ACC00289,32,2436.73,False
ORD001441,ACC00289,34,1727.58,False
ORD001442,ACC00289,22,1412.32,False
ORD001443,ACC00289,57,194.16,False
ORD001444,ACC00289,53,488.19,False
ORD001445,ACC00290,24,677.0,False
ORD001446,ACC00290,22,513.65,True
ORD001447,ACC00290,49,189.45,False
ORD001448,ACC00290,13,982.01,False
ORD001449,ACC00290,18,306.94,False
ORD001450,ACC00290,14,935.08,False
ORD001451,ACC00290,53,934.96,False
ORD001452,ACC00290,17,1261.43,False
ORD001453,ACC00291,59,217.15,False
ORD001454,ACC00291,31,2799.31,False
ORD001455,ACC00291,1,976.65,False
ORD001456,ACC00291,58,274.92,False
ORD001457,ACC00291,37,1726.53,True
ORD001458,ACC00291,33,1478.31,False
ORD001459,ACC00291,6,996.14,False
ORD001460,ACC00291,59,1749.56,False
ORD001461,ACC00292,43,221.85,False
ORD001462,ACC00292,3,408.09,False
ORD001463,ACC00292,9,594.12,False
ORD001464,ACC00292,38,202.12,False
ORD001465,ACC00292,14,737.49,False
ORD001466,ACC00292,35,928.51,False
ORD001467,ACC00293,4,393.95,True
ORD001468,ACC00293,3,480.15,False
ORD001469,ACC00293,51,1172.41,False
ORD001470,ACC00293,31,824.54,True
ORD001471,ACC00293,28,557.45,True
ORD001472,ACC00294,33,231.9,False
ORD001473,ACC00294,49,777.21,False
ORD001474,ACC00294,42,2100.53,False
ORD001475,ACC00294,42,1365.19,False
ORD001476,ACC00294,32,527.04,False
ORD001477,ACC00294,3,825.97,False
ORD001478,ACC00294,10,437.79,False
ORD001479,ACC00295,44,914.96,False
ORD001480,ACC00295,14,163.9,False
ORD001481,ACC00295,29,567.5,False
ORD001482,ACC00295,16,799.54,True
ORD001483,ACC00295,27,1085.62,False
ORD001484,ACC00295,26,228.43,True
ORD001485,ACC00296,26,497.36,False
ORD001486,ACC00296,54,645.09,False
ORD001487,ACC00297,32,1893.32,False
ORD001488,ACC00298,56,1064.76,False
ORD001489,ACC00298,32,306.54,True
ORD001490,ACC00298,48,382.04,False
ORD001491,ACC00298,12,348.74,False
ORD001492,ACC00298,20,614.03,False
ORD001493,ACC00298,43,365.4,False
ORD001494,ACC00298,9,1245.82,False
ORD001495,ACC00298,6,469.86,False
ORD001496,ACC00298,36,1007.08,False
ORD001497,ACC00299,0,234.47,False
ORD001498,ACC00299,21,582.46,False
ORD001499,ACC00299,13,1059.14,False
ORD001500,ACC00299,11,158.66,False
ORD001501,ACC00300,18,259.62,False
ORD001502,ACC00300,38,246.25,False
ORD001503,ACC00300,6,1113.52,False
ORD001504,ACC00300,5,1821.89,False
ORD001505,ACC00300,12,1169.79,False
ORD001506,ACC00300,31,275.77,False
ORD001507,ACC00300,17,273.13,False
ORD001508,ACC00301,41,453.02,False
ORD001509,ACC00301,56,1267.37,False
ORD001510,ACC00301,14,445.84,False
ORD001511,ACC00302,46,840.81,False
ORD001512,ACC00303,22,928.64,False
ORD001513,ACC00303,37,704.9,False
ORD001514,ACC00303,41,748.95,False
ORD001515,ACC00303,28,2633.5,False
ORD001516,ACC00303,15,442.57,False
ORD001517,ACC00303,41,660.91,False
ORD001518,ACC00304,1,1067.24,True
ORD001519,ACC00304,37,1482.02,False
ORD001520,ACC00304,17,765.6,False
ORD001521,ACC00304,58,641.0,False
ORD001522,ACC00305,44,821.72,True
ORD001523,ACC00305,50,78.59,True
ORD001524,ACC00306,22,733.34,False
ORD001525,ACC00306,20,314.34,False
ORD001526,ACC00306,28,1703.94,True
ORD001527,ACC00307,27,494.84,True
ORD001528,ACC00307,4,1492.98,False
ORD001529,ACC00307,56,621.91,False
ORD001530,ACC00307,18,694.06,False
ORD001531,ACC00307,39,138.16,False
ORD001532,ACC00307,21,1780.71,False
ORD001533,ACC00308,33,2019.49,False
ORD001534,ACC00308,16,1076.41,False
ORD001535,ACC00308,0,979.64,False
ORD001536,ACC00308,48,2128.95,False
ORD001537,ACC00309,4,2068.59,False
ORD001538,ACC00309,16,850.14,False
ORD001539,ACC00309,15,349.82,False
ORD001540,ACC00310,0,1778.29,False
ORD001541,ACC00310,39,1148.64,False
ORD001542,ACC00310,0,1484.55,False
ORD001543,ACC00310,42,1769.47,True
ORD001544,ACC00310,31,453.61,False
ORD001545,ACC00310,36,582.96,False
ORD001546,ACC00310,36,1227.11,False
ORD001547,ACC00311,18,743.54,False
ORD001548,ACC00311,15,2311.43,False
ORD001549,ACC00311,39,484.49,False
ORD001550,ACC00311,31,939.62,False
ORD001551,ACC00311,21,467.87,False
ORD001552,ACC00311,48,478.52,False
ORD001553,ACC00312,19,295.77,False
ORD001554,ACC00312,58,1265.18,False
ORD001555,ACC00312,3,498.34,True
ORD001556,ACC00312,59,221.16,False
ORD001557,ACC00312,15,93.84,False
ORD001558,ACC00312,54,877.96,True
ORD001559,ACC00312,4,1014.63,False
ORD001560,ACC00313,0,654.7,False
ORD001561,ACC00313,48,582.96,False
ORD001562,ACC00313,25,981.47,False
ORD001563,ACC00313,33,64.06,False
ORD001564,ACC00313,47,665.06,False
ORD001565,ACC00313,19,305.43,False
ORD001566,ACC00313,49,942.57,False
ORD001567,ACC00314,34,486.92,False
ORD001568,ACC00314,9,1208.68,False
ORD001569,ACC00314,0,251.28,False
ORD001570,ACC00314,31,608.4,False
ORD001571,ACC00314,33,1340.91,False
ORD001572,ACC00314,33,180.33,False
ORD001573,ACC00315,0,662.39,False
ORD001574,ACC00316,26,1216.83,True
ORD001575,ACC00316,54,462.39,False
ORD001576,ACC00316,12,1199.57,False
ORD001577,ACC00316,35,997.95,False
ORD001578,ACC00316,9,737.11,False
ORD001579,ACC00316,37,864.9,False
ORD001580,ACC00317,41,73.55,False
ORD001581,ACC00317,17,701.01,False
ORD001582,ACC00317,55,2410.14,False
ORD001583,ACC00318,0,1153.45,False
ORD001584,ACC00318,37,434.57,False
ORD001585,ACC00319,37,1461.56,False
ORD001586,ACC00319,15,1438.79,False
ORD001587,ACC00319,6,1884.34,False
ORD001588,ACC00319,18,1581.42,False
ORD001589,ACC00319,7,811.54,False
ORD001590,ACC00319,53,1244.28,False
ORD001591,ACC00319,26,823.38,False
ORD001592,ACC00319,37,792.46,False
ORD001593,ACC00319,48,285.45,False
ORD001594,ACC00320,55,301.86,False
ORD001595,ACC00320,15,127.07,False
ORD001596,ACC00320,31,851.69,False
ORD001597,ACC00320,29,1575.27,False
ORD001598,ACC00320,53,1133.35,False
ORD001599,ACC00321,6,1701.58,False
ORD001600,ACC00321,0,485.68,False
ORD001601,ACC00321,33,1632.97,False
ORD001602,ACC00321,27,1112.1,False
ORD001603,ACC00321,6,637.36,False
ORD001604,ACC00321,12,558.34,False
ORD001605,ACC00321,12,1739.74,False
ORD001606,ACC00322,36,936.32,False
ORD001607,ACC00322,6,248.48,False
ORD001608,ACC00322,27,1034.95,False
ORD001609,ACC00322,53,553.11,False
ORD001610,ACC00322,57,366.81,False
ORD001611,ACC00322,8,659.35,False
ORD001612,ACC00323,26,1579.04,False
ORD001613,ACC00323,18,1937.84,False
ORD001614,ACC00323,54,350.37,False
ORD001615,ACC00323,18,428.0,False
ORD001616,ACC00323,36,684.87,False
ORD001617,ACC00324,8,782.0,False
ORD001618,ACC00324,38,738.32,True
ORD001619,ACC00324,25,1082.83,False
ORD001620,ACC00324,8,1186.32,False
ORD001621,ACC00324,26,635.93,False
ORD001622,ACC00325,56,219.16,True
ORD001623,ACC00325,15,185.29,True
ORD001624,ACC00325,19,425.31,False
ORD001625,ACC00326,15,658.9,False
ORD001626,ACC00327,37,182.36,True
ORD001627,ACC00327,35,803.21,True
ORD001628,ACC00327,40,53.91,False
ORD001629,ACC00327,25,578.92,True
ORD001630,ACC00328,46,872.17,False
ORD001631,ACC00328,13,887.32,False
ORD001632,ACC00328,16,1193.7,False
ORD001633,ACC00328,52,501.42,False
ORD001634,ACC00328,44,557.8,False
ORD001635,ACC00329,40,2280.77,False
ORD001636,ACC00329,45,1947.68,False
ORD001637,ACC00329,49,313.67,False
ORD001638,ACC00330,39,650.85,True
ORD001639,ACC00330,13,203.24,True
ORD001640,ACC00330,14,479.64,False
ORD001641,ACC00330,12,754.29,False
ORD001642,ACC00330,52,2761.86,False
ORD001643,ACC00331,53,353.58,False
ORD001644,ACC00331,41,1681.41,False
ORD001645,ACC00331,58,577.0,False
ORD001646,ACC00331,19,1672.4,False
ORD001647,ACC00331,50,1016.28,False
ORD001648,ACC00332,23,69.34,False
ORD001649,ACC00332,8,483.94,False
ORD001650,ACC00332,56,959.61,False
ORD001651,ACC00332,10,613.43,False
ORD001652,ACC00332,7,591.55,False
ORD001653,ACC00333,39,219.44,False
ORD001654,ACC00333,29,1636.39,False
ORD001655,ACC00333,55,441.05,False
ORD001656,ACC00333,11,553.12,False
ORD001657,ACC00333,33,967.84,False
ORD001658,ACC00333,46,774.86,True
ORD001659,ACC00334,28,234.91,False
ORD001660,ACC00334,25,1264.44,False
ORD001661,ACC00334,1,1036.8,False
ORD001662,ACC00334,2,1885.88,False
ORD001663,ACC00334,24,509.76,False
ORD001664,ACC00334,34,1944.88,False
ORD001665,ACC00334,30,726.68,False
ORD001666,ACC00334,17,1522.14,False
ORD001667,ACC00335,39,602.64,False
ORD001668,ACC00335,24,2976.2,False
ORD001669,ACC00336,50,1786.33,False
ORD001670,ACC00336,11,1647.94,False
ORD001671,ACC00336,30,1001.71,False
ORD001672,ACC00336,30,586.8,False
ORD001673,ACC00336,42,900.57,False
ORD001674,ACC00337,57,1211.64,False
ORD001675,ACC00337,33,1107.09,False
ORD001676,ACC00337,7,1027.94,False
ORD001677,ACC00338,38,731.33,False
ORD001678,ACC00338,24,342.23,False
ORD001679,ACC00338,55,449.18,False
ORD001680,ACC00338,43,1820.22,False
ORD001681,ACC00338,47,2204.23,False
ORD001682,ACC00338,37,1048.56,False
ORD001683,ACC00338,3,1068.47,False
ORD001684,ACC00338,58,1379.56,False
ORD001685,ACC00339,42,1060.3,True
ORD001686,ACC00339,45,562.97,False
ORD001687,ACC00339,47,948.56,True
ORD001688,ACC00339,3,232.66,True
ORD001689,ACC00339,24,315.15,False
ORD001690,ACC00339,5,560.49,False
ORD001691,ACC00340,36,841.27,False
ORD001692,ACC00340,45,263.72,False
ORD001693,ACC00340,7,277.7,True
ORD001694,ACC00340,24,1389.15,True
ORD001695,ACC00341,24,806.46,False
ORD001696,ACC00341,33,348.69,False
ORD001697,ACC00341,15,127.73,True
ORD001698,ACC00342,57,688.6,False
ORD001699,ACC00342,46,2971.32,False
ORD001700,ACC00342,30,1133.19,False
ORD001701,ACC00342,37,1113.42,False
ORD001702,ACC00342,39,301.22,False
ORD001703,ACC00343,47,329.1,True
ORD001704,ACC00343,20,919.86,True
ORD001705,ACC00343,54,390.34,False
ORD001706,ACC00343,37,293.17,False
ORD001707,ACC00344,29,439.07,False
ORD001708,ACC00344,51,373.59,False
ORD001709,ACC00344,42,1462.8,False
ORD001710,ACC00344,10,1877.83,False
ORD001711,ACC00344,39,470.52,False
ORD001712,ACC00344,12,1159.81,False
ORD001713,ACC00344,2,2144.27,False
ORD001714,ACC00344,9,463.65,False
ORD001715,ACC00344,27,392.79,False
ORD001716,ACC00345,0,213.46,False
ORD001717,ACC00345,44,1391.36,False
ORD001718,ACC00345,0,69.55,False
ORD001719,ACC00345,14,604.93,False
ORD001720,ACC00346,5,570.99,False
ORD001721,ACC00346,50,601.16,False
ORD001722,ACC00346,24,281.78,False
ORD001723,ACC00346,55,1442.14,False
ORD001724,ACC00346,26,569.29,False
ORD001725,ACC00346,45,146.57,False
ORD001726,ACC00346,34,640.3,False
ORD001727,ACC00346,28,540.59,True
ORD001728,ACC00346,29,324.17,False
ORD001729,ACC00346,15,94.75,True
ORD001730,ACC00346,44,355.43,False
ORD001731,ACC00346,31,309.8,False
ORD001732,ACC00347,20,776.12,False
ORD001733,ACC00347,12,238.45,False
ORD001734,ACC00347,22,2185.84,False
ORD001735,ACC00348,45,1300.66,False
ORD001736,ACC00348,40,566.2,False
ORD001737,ACC00348,3,929.8,False
ORD001738,ACC00348,30,573.85,False
ORD001739,ACC00348,1,330.42,False
ORD001740,ACC00348,31,660.73,False
ORD001741,ACC00349,19,1030.09,False
ORD001742,ACC00349,24,118.58,False
ORD001743,ACC00349,4,1766.58,False
ORD001744,ACC00350,33,289.49,False
ORD001745,ACC00350,34,378.77,False
ORD001746,ACC00350,9,1053.18,False
ORD001747,ACC00351,26,121.81,False
ORD001748,ACC00351,46,1344.4,False
ORD001749,ACC00351,19,391.52,False
ORD001750,ACC00351,46,724.21,False
ORD001751,ACC00351,57,1163.28,False
ORD001752,ACC00351,9,1447.35,False
ORD001753,ACC00352,11,600.2,False
ORD001754,ACC00352,23,1929.84,False
ORD001755,ACC00353,30,301.51,False
ORD001756,ACC00353,22,1644.86,False
ORD001757,ACC00354,9,263.54,False
ORD001758,ACC00354,26,3769.21,False
ORD001759,ACC00354,4,172.79,False
ORD001760,ACC00354,26,917.87,False
ORD001761,ACC00354,38,908.18,False
ORD001762,ACC00354,52,1331.91,False
ORD001763,ACC00354,9,1090.47,False
ORD001764,ACC00355,0,412.62,False
ORD001765,ACC00355,28,739.35,False
ORD001766,ACC00355,24,227.02,False
ORD001767,ACC00355,23,556.02,True
ORD001768,ACC00355,56,682.99,False
ORD001769,ACC00356,14,733.46,False
ORD001770,ACC00356,59,1562.26,False
ORD001771,ACC00356,2,1307.54,False
ORD001772,ACC00356,42,1249.11,False
ORD001773,ACC00357,35,1007.39,False
ORD001774,ACC00357,50,589.7,False
ORD001775,ACC00357,21,673.49,False
ORD001776,ACC00358,21,1143.6,False
ORD001777,ACC00358,35,1531.64,False
ORD001778,ACC00358,54,715.07,False
ORD001779,ACC00358,14,191.7,False
ORD001780,ACC00358,38,769.3,False
ORD001781,ACC00359,29,1724.51,True
ORD001782,ACC00359,19,1070.77,False
ORD001783,ACC00360,21,722.78,False
ORD001784,ACC00360,36,418.55,False
ORD001785,ACC00360,15,680.3,False
ORD001786,ACC00360,2,434.23,False
ORD001787,ACC00361,47,1405.27,True
ORD001788,ACC00361,55,1517.71,False
ORD001789,ACC00361,48,280.06,False
ORD001790,ACC00361,10,1854.86,False
ORD001791,ACC00362,12,1634.35,False
ORD001792,ACC00362,39,2888.24,False
ORD001793,ACC00362,29,3216.0,False
ORD001794,ACC00362,55,1405.94,False
ORD001795,ACC00363,6,356.29,False
ORD001796,ACC00363,29,819.82,False
ORD001797,ACC00363,13,1008.72,False
ORD001798,ACC00363,27,330.05,False
ORD001799,ACC00364,40,529.22,True
ORD001800,ACC00364,0,289.77,False
ORD001801,ACC00364,44,853.79,True
ORD001802,ACC00364,9,543.89,False
ORD001803,ACC00364,41,578.27,False
ORD001804,ACC00364,4,1085.07,False
ORD001805,ACC00365,53,1585.63,False
ORD001806,ACC00365,1,651.99,False
ORD001807,ACC00365,5,856.92,False
ORD001808,ACC00365,11,521.14,False
ORD001809,ACC00365,0,1291.91,False
ORD001810,ACC00365,26,1061.19,False
ORD001811,ACC00366,3,1339.68,False
ORD001812,ACC00366,57,1020.02,False
ORD001813,ACC00366,4,798.55,False
ORD001814,ACC00366,38,834.9,False
ORD001815,ACC00367,3,652.19,False
ORD001816,ACC00367,51,1410.68,False
ORD001817,ACC00368,40,692.04,False
ORD001818,ACC00368,48,305.06,False
ORD001819,ACC00368,54,700.64,False
ORD001820,ACC00368,26,701.18,False
ORD001821,ACC00368,36,1108.99,False
ORD001822,ACC00369,46,878.15,False
ORD001823,ACC00369,0,883.01,False
ORD001824,ACC00370,2,1129.05,False
ORD001825,ACC00370,40,389.87,False
ORD001826,ACC00370,29,2645.69,False
ORD001827,ACC00370,38,418.16,False
ORD001828,ACC00370,17,1740.41,False
ORD001829,ACC00371,13,2762.19,False
ORD001830,ACC00371,16,772.71,False
ORD001831,ACC00371,28,642.65,True
ORD001832,ACC00371,4,1663.07,False
ORD001833,ACC00371,4,745.53,False
ORD001834,ACC00371,31,124.79,True
ORD001835,ACC00372,41,1040.75,False
ORD001836,ACC00373,53,1156.25,False
ORD001837,ACC00373,43,350.0,False
ORD001838,ACC00373,22,893.73,False
ORD001839,ACC00373,31,87.24,False
ORD001840,ACC00374,14,913.74,False
ORD001841,ACC00374,46,146.77,False
ORD001842,ACC00374,4,778.4,False
ORD001843,ACC00374,39,2036.24,False
ORD001844,ACC00375,20,1212.43,False
ORD001845,ACC00375,21,925.54,False
ORD001846,ACC00375,28,217.36,False
ORD001847,ACC00375,41,2351.55,False
ORD001848,ACC00375,26,328.33,False
ORD001849,ACC00375,50,622.54,False
ORD001850,ACC00376,51,1127.5,False
ORD001851,ACC00376,13,2672.26,False
ORD001852,ACC00377,29,141.39,False
ORD001853,ACC00377,27,883.33,False
ORD001854,ACC00377,9,545.41,False
ORD001855,ACC00377,58,828.01,False
ORD001856,ACC00377,51,922.48,False
ORD001857,ACC00377,17,2246.05,False
ORD001858,ACC00377,56,133.71,False
ORD001859,ACC00377,16,293.06,False
ORD001860,ACC00377,25,416.43,False
ORD001861,ACC00378,7,1158.46,False
ORD001862,ACC00378,52,945.39,True
ORD001863,ACC00378,50,933.21,False
ORD001864,ACC00378,27,530.12,False
ORD001865,ACC00379,48,2163.35,False
ORD001866,ACC00379,49,454.35,False
ORD001867,ACC00379,42,1796.75,False
ORD001868,ACC00380,5,1100.37,False
ORD001869,ACC00380,36,454.45,False
ORD001870,ACC00380,35,1635.88,False
ORD001871,ACC00381,14,676.23,False
ORD001872,ACC00381,52,443.44,False
ORD001873,ACC00381,32,753.87,False
ORD001874,ACC00381,0,636.17,False
ORD001875,ACC00382,14,431.25,True
ORD001876,ACC00382,4,282.91,False
ORD001877,ACC00382,9,1160.17,False
ORD001878,ACC00382,30,1982.09,False
ORD001879,ACC00382,1,2765.22,False
ORD001880,ACC00382,28,992.65,False
ORD001881,ACC00382,2,359.07,False
ORD001882,ACC00383,37,838.82,False
ORD001883,ACC00383,34,481.16,False
ORD001884,ACC00383,3,829.84,True
ORD001885,ACC00383,40,1236.01,False
ORD001886,ACC00383,3,712.14,False
ORD001887,ACC00384,48,1933.13,False
ORD001888,ACC00384,49,282.15,False
ORD001889,ACC00385,46,1205.86,False
ORD001890,ACC00386,41,685.83,False
ORD001891,ACC00386,39,1028.2,False
ORD001892,ACC00386,43,108.99,True
ORD001893,ACC00386,16,1161.09,False
ORD001894,ACC00386,7,522.29,True
ORD001895,ACC00386,37,118.62,True
ORD001896,ACC00387,31,2515.95,False
ORD001897,ACC00387,46,775.32,False
ORD001898,ACC00387,34,1648.81,False
ORD001899,ACC00387,20,1289.17,False
ORD001900,ACC00387,24,859.09,False
ORD001901,ACC00388,27,1783.82,False
ORD001902,ACC00388,6,913.07,False
ORD001903,ACC00388,5,798.59,True
ORD001904,ACC00389,8,976.19,False
ORD001905,ACC00389,25,1448.23,False
ORD001906,ACC00389,3,666.08,False
ORD001907,ACC00389,32,863.64,False
ORD001908,ACC00389,28,1196.05,False
ORD001909,ACC00389,23,196.77,False
ORD001910,ACC00389,26,1089.79,False
ORD001911,ACC00389,37,1271.71,False
ORD001912,ACC00389,49,944.67,False
ORD001913,ACC00390,23,339.86,False
ORD001914,ACC00390,45,2262.81,True
ORD001915,ACC00390,21,1019.27,False
ORD001916,ACC00391,26,721.45,False
ORD001917,ACC00392,35,485.9,False
ORD001918,ACC00392,24,1355.91,False
ORD001919,ACC00392,27,103.7,False
ORD001920,ACC00393,22,1356.92,False
ORD001921,ACC00393,58,129.46,False
ORD001922,ACC00393,57,1745.18,False
ORD001923,ACC00394,40,841.09,True
ORD001924,ACC00394,7,577.21,False
ORD001925,ACC00395,23,1568.49,False
ORD001926,ACC00396,0,303.5,False
ORD001927,ACC00396,5,1344.81,False
ORD001928,ACC00396,17,484.21,False
ORD001929,ACC00397,58,1923.3,False
ORD001930,ACC00397,48,434.71,True
ORD001931,ACC00397,52,564.58,False
ORD001932,ACC00397,11,392.4,True
ORD001933,ACC00397,59,464.74,False
ORD001934,ACC00397,37,659.97,False
ORD001935,ACC00397,15,1267.68,False
ORD001936,ACC00397,12,1120.75,False
ORD001937,ACC00398,9,1863.12,True
ORD001938,ACC00398,16,776.51,False
ORD001939,ACC00398,36,537.14,True
ORD001940,ACC00398,21,738.93,False
ORD001941,ACC00399,0,529.38,False
ORD001942,ACC00399,52,1512.72,False
ORD001943,ACC00399,15,754.15,False
ORD001944,ACC00399,23,724.34,False
ORD001945,ACC00400,14,333.92,False
ORD001946,ACC00400,5,373.86,False
ORD001947,ACC00400,32,813.57,False
ORD001948,ACC00400,28,232.17,False
ORD001949,ACC00400,9,878.15,False
ORD001950,ACC00401,7,383.79,False
ORD001951,ACC00401,0,528.54,False
ORD001952,ACC00401,24,374.45,False
ORD001953,ACC00401,41,625.84,False
ORD001954,ACC00401,18,555.81,False
ORD001955,ACC00401,13,712.37,False
ORD001956,ACC00401,23,203.9,False
ORD001957,ACC00401,13,775.41,False
ORD001958,ACC00401,26,1117.18,False
ORD001959,ACC00401,33,305.08,False
ORD001960,ACC00401,16,246.96,False
ORD001961,ACC00401,1,925.38,False
ORD001962,ACC00401,6,1286.86,False
ORD001963,ACC00402,24,520.64,False
ORD001964,ACC00402,4,1126.97,False
ORD001965,ACC00402,15,472.77,False
ORD001966,ACC00402,33,1408.95,False
ORD001967,ACC00402,29,224.18,False
ORD001968,ACC00402,8,841.65,False
ORD001969,ACC00402,57,1346.3,False
ORD001970,ACC00403,43,363.75,False
ORD001971,ACC00403,58,93.43,False
ORD001972,ACC00403,29,841.13,False
ORD001973,ACC00403,1,1610.36,False
ORD001974,ACC00403,16,1029.78,False
ORD001975,ACC00403,1,542.52,False
ORD001976,ACC00404,23,1461.82,True
ORD001977,ACC00404,14,1687.29,False
ORD001978,ACC00404,3,570.59,False
ORD001979,ACC00404,54,1073.82,False
ORD001980,ACC00404,15,532.32,False
ORD001981,ACC00404,32,404.11,False
ORD001982,ACC00404,49,278.8,True
ORD001983,ACC00405,28,329.79,False
ORD001984,ACC00405,30,578.83,False
ORD001985,ACC00405,47,2518.32,False
ORD001986,ACC00405,49,1087.31,False
ORD001987,ACC00406,13,762.12,True
ORD001988,ACC00406,38,697.69,False
ORD001989,ACC00406,59,932.61,True
ORD001990,ACC00406,1,503.98,False
ORD001991,ACC00407,44,459.55,False
ORD001992,ACC00407,53,1285.88,False
ORD001993,ACC00407,30,860.53,False
ORD001994,ACC00407,13,398.86,False
ORD001995,ACC00407,33,775.77,False
ORD001996,ACC00407,49,251.77,False
ORD001997,ACC00407,32,1842.69,False
ORD001998,ACC00407,53,527.38,False
ORD001999,ACC00407,0,426.88,False
ORD002000,ACC00408,59,674.69,False
ORD002001,ACC00408,58,917.83,True
ORD002002,ACC00408,21,499.51,True
ORD002003,ACC00408,55,260.13,False
ORD002004,ACC00408,4,199.48,False
ORD002005,ACC00408,6,668.29,False
ORD002006,ACC00408,19,230.03,False
ORD002007,ACC00409,17,1901.4,False
ORD002008,ACC00409,21,1283.1,False
ORD002009,ACC00409,47,896.24,False
ORD002010,ACC00409,48,516.08,False
ORD002011,ACC00409,47,1361.76,False
ORD002012,ACC00410,53,344.6,False
ORD002013,ACC00410,7,711.27,False
ORD002014,ACC00410,37,554.95,False
ORD002015,ACC00410,44,891.73,False
ORD002016,ACC00411,6,410.31,False
ORD002017,ACC00411,34,792.5,False
ORD002018,ACC00411,56,2703.98,False
ORD002019,ACC00412,25,1059.45,False
ORD002020,ACC00412,41,525.26,False
ORD002021,ACC00412,37,1333.94,False
ORD002022,ACC00412,29,1281.9,False
ORD002023,ACC00412,18,964.98,True
ORD002024,ACC00412,41,1051.08,False
ORD002025,ACC00412,7,422.15,False
ORD002026,ACC00413,17,800.64,False
ORD002027,ACC00413,31,1014.2,False
ORD002028,ACC00413,45,1358.45,False
ORD002029,ACC00413,6,720.09,False
ORD002030,ACC00413,20,2179.03,False
ORD002031,ACC00413,34,1127.45,False
ORD002032,ACC00413,55,615.61,False
ORD002033,ACC00414,56,1324.16,False
ORD002034,ACC00414,2,1257.85,False
ORD002035,ACC00414,38,1856.42,False
ORD002036,ACC00414,26,225.48,False
ORD002037,ACC00414,11,1370.88,True
ORD002038,ACC00415,57,1749.58,False
ORD002039,ACC00415,14,781.4,True
ORD002040,ACC00415,22,428.16,False
ORD002041,ACC00415,1,1178.44,False
ORD002042,ACC00416,59,373.19,False
ORD002043,ACC00416,35,698.44,False
ORD002044,ACC00416,27,1145.93,False
ORD002045,ACC00416,28,222.08,False
ORD002046,ACC00416,37,1430.42,False
ORD002047,ACC00417,18,2070.79,False
ORD002048,ACC00417,10,176.13,False
ORD002049,ACC00417,49,1765.76,False
ORD002050,ACC00417,17,803.62,False
ORD002051,ACC00417,21,521.94,False
ORD002052,ACC00417,38,730.16,False
ORD002053,ACC00417,16,1635.53,False
ORD002054,ACC00418,44,742.61,True
ORD002055,ACC00418,26,1760.33,True
ORD002056,ACC00418,38,1608.88,False
ORD002057,ACC00419,13,263.14,False
ORD002058,ACC00419,10,1240.47,False
ORD002059,ACC00419,28,1208.54,False
ORD002060,ACC00419,44,1458.6,False
ORD002061,ACC00420,53,740.24,False
ORD002062,ACC00420,9,504.4,True
ORD002063,ACC00420,48,2060.31,False
ORD002064,ACC00420,46,278.01,False
ORD002065,ACC00420,11,578.91,False
ORD002066,ACC00421,31,1067.05,False
ORD002067,ACC00421,22,529.27,False
ORD002068,ACC00421,16,2306.21,False
ORD002069,ACC00422,29,848.31,False
ORD002070,ACC00422,6,1917.63,False
ORD002071,ACC00422,30,1467.89,False
ORD002072,ACC00422,6,1158.0,False
ORD002073,ACC00422,9,268.55,False
ORD002074,ACC00422,11,339.7,False
ORD002075,ACC00422,41,842.68,False
ORD002076,ACC00422,52,62.98,False
ORD002077,ACC00423,14,1139.97,False
ORD002078,ACC00423,38,419.27,False
ORD002079,ACC00423,12,1389.73,False
ORD002080,ACC00423,28,1552.69,False
ORD002081,ACC00423,25,1163.22,False
ORD002082,ACC00423,15,1852.36,False
ORD002083,ACC00424,49,105.64,False
ORD002084,ACC00424,44,740.59,False
ORD002085,ACC00424,40,2013.27,False
ORD002086,ACC00424,16,474.81,False
ORD002087,ACC00424,40,369.46,False
ORD002088,ACC00425,48,1070.42,False
ORD002089,ACC00425,51,1333.76,False
ORD002090,ACC00425,46,491.77,False
ORD002091,ACC00425,30,763.94,False
ORD002092,ACC00425,40,665.04,False
ORD002093,ACC00425,50,468.82,False
ORD002094,ACC00426,20,1401.04,False
ORD002095,ACC00426,15,540.5,True
ORD002096,ACC00426,43,784.05,False
ORD002097,ACC00426,51,1073.11,False
ORD002098,ACC00426,47,790.39,False
ORD002099,ACC00427,42,1424.12,True
ORD002100,ACC00427,27,438.2,True
ORD002101,ACC00427,44,1071.34,False
ORD002102,ACC00428,4,577.23,False
ORD002103,ACC00428,58,296.65,False
ORD002104,ACC00428,0,1025.58,False
ORD002105,ACC00428,52,536.16,False
ORD002106,ACC00429,3,193.1,False
ORD002107,ACC00429,6,819.93,False
ORD002108,ACC00429,3,1698.31,False
ORD002109,ACC00429,18,360.01,False
ORD002110,ACC00429,57,296.3,False
ORD002111,ACC00430,6,355.32,False
ORD002112,ACC00430,18,1435.15,False
ORD002113,ACC00431,0,273.42,False
ORD002114,ACC00431,58,1567.27,False
ORD002115,ACC00431,43,429.89,False
ORD002116,ACC00431,54,769.2,False
ORD002117,ACC00431,57,745.63,False
ORD002118,ACC00431,10,2415.23,False
ORD002119,ACC00431,30,2336.2,False
ORD002120,ACC00432,49,898.93,False
ORD002121,ACC00432,43,272.0,False
ORD002122,ACC00432,42,650.59,False
ORD002123,ACC00432,2,584.18,False
ORD002124,ACC00432,57,1324.01,True
ORD002125,ACC00432,6,1118.38,False
ORD002126,ACC00432,34,1791.51,False
ORD002127,ACC00433,56,239.64,False
ORD002128,ACC00433,53,1188.92,True
ORD002129,ACC00433,40,395.29,False
ORD002130,ACC00434,49,770.94,False
ORD002131,ACC00434,39,1476.62,False
ORD002132,ACC00434,24,470.57,False
ORD002133,ACC00434,51,890.82,False
ORD002134,ACC00434,9,1632.25,False
ORD002135,ACC00434,45,665.85,False
ORD002136,ACC00435,34,2110.01,False
ORD002137,ACC00435,11,391.59,False
ORD002138,ACC00435,28,1109.79,False
ORD002139,ACC00436,47,659.01,False
ORD002140,ACC00436,21,572.08,False
ORD002141,ACC00436,37,42.97,False
ORD002142,ACC00436,53,368.03,False
ORD002143,ACC00437,48,1094.2,False
ORD002144,ACC00437,58,77.86,False
ORD002145,ACC00437,41,796.62,False
ORD002146,ACC00437,7,221.04,False
ORD002147,ACC00438,40,771.05,False
ORD002148,ACC00438,2,1407.82,False
ORD002149,ACC00438,20,1279.18,False
ORD002150,ACC00438,1,1574.63,False
ORD002151,ACC00438,49,1057.08,False
ORD002152,ACC00438,55,288.17,False
ORD002153,ACC00439,27,1994.66,False
ORD002154,ACC00439,28,203.27,False
ORD002155,ACC00439,18,1013.82,True
ORD002156,ACC00440,48,655.8,False
ORD002157,ACC00440,34,635.34,False
ORD002158,ACC00441,25,760.52,False
ORD002159,ACC00441,0,914.78,False
ORD002160,ACC00441,57,458.09,False
ORD002161,ACC00441,1,1613.55,False
ORD002162,ACC00441,28,646.54,False
ORD002163,ACC00441,47,1153.54,False
ORD002164,ACC00441,22,278.85,False
ORD002165,ACC00441,12,854.56,False
ORD002166,ACC00441,14,829.69,False
ORD002167,ACC00442,41,569.0,False
ORD002168,ACC00442,49,1548.2,True
ORD002169,ACC00442,51,1208.43,False
ORD002170,ACC00442,7,2030.75,False
ORD002171,ACC00442,42,1048.14,False
ORD002172,ACC00442,10,903.77,False
ORD002173,ACC00442,9,291.9,True
ORD002174,ACC00442,14,1140.72,False
ORD002175,ACC00443,45,868.26,False
ORD002176,ACC00443,24,1133.68,False
ORD002177,ACC00443,50,1582.01,False
ORD002178,ACC00443,5,771.72,False
ORD002179,ACC00443,56,250.38,False
ORD002180,ACC00443,1,1745.8,False
ORD002181,ACC00444,16,1210.74,False
ORD002182,ACC00444,31,970.14,True
ORD002183,ACC00444,30,959.28,False
ORD002184,ACC00444,7,934.69,False
ORD002185,ACC00444,47,1103.69,False
ORD002186,ACC00444,15,797.23,False
ORD002187,ACC00444,35,341.53,False
ORD002188,ACC00444,21,3317.39,False
ORD002189,ACC00444,13,418.91,False
ORD002190,ACC00445,33,506.57,False
ORD002191,ACC00445,49,1687.26,False
ORD002192,ACC00445,56,134.2,False
ORD002193,ACC00445,48,780.14,False
ORD002194,ACC00445,41,335.13,False
ORD002195,ACC00446,35,1034.71,False
ORD002196,ACC00446,3,1471.68,False
ORD002197,ACC00446,27,1083.66,False
ORD002198,ACC00446,21,1012.53,False
ORD002199,ACC00446,13,337.59,False
ORD002200,ACC00447,24,1031.24,False
ORD002201,ACC00447,7,1222.84,False
ORD002202,ACC00447,1,358.93,False
ORD002203,ACC00447,59,1220.4,True
ORD002204,ACC00447,5,577.06,False
ORD002205,ACC00447,54,1035.25,False
ORD002206,ACC00448,51,1176.18,False
ORD002207,ACC00448,48,535.88,False
ORD002208,ACC00448,54,989.8,False
ORD002209,ACC00448,55,1897.63,False
ORD002210,ACC00448,20,540.68,False
ORD002211,ACC00448,7,585.16,False
ORD002212,ACC00449,25,1365.91,False
ORD002213,ACC00449,55,439.61,False
ORD002214,ACC00449,28,710.74,False
ORD002215,ACC00449,4,2824.94,False
ORD002216,ACC00449,27,492.57,False
ORD002217,ACC00450,14,1558.45,False
ORD002218,ACC00450,9,747.2,False
ORD002219,ACC00450,6,2262.83,False
ORD002220,ACC00450,25,771.11,False
ORD002221,ACC00450,15,717.66,True
ORD002222,ACC00450,19,691.71,False
ORD002223,ACC00451,45,527.7,False
ORD002224,ACC00451,16,2445.29,False
ORD002225,ACC00451,43,671.3,False
ORD002226,ACC00452,22,1486.47,False
ORD002227,ACC00452,59,1328.49,False
ORD002228,ACC00452,23,743.94,False
ORD002229,ACC00453,26,1052.45,True
ORD002230,ACC00453,30,386.75,False
ORD002231,ACC00453,33,712.68,False
ORD002232,ACC00453,5,1299.28,False
ORD002233,ACC00453,40,343.91,False
ORD002234,ACC00454,47,2173.16,False
ORD002235,ACC00454,46,1727.09,False
ORD002236,ACC00455,35,176.84,False
ORD002237,ACC00455,27,1345.49,False
ORD002238,ACC00455,42,2396.43,True
ORD002239,ACC00455,49,686.13,False
ORD002240,ACC00455,38,670.91,True
ORD002241,ACC00456,45,951.03,False
ORD002242,ACC00456,23,957.35,True
ORD002243,ACC00456,39,645.11,False
ORD002244,ACC00456,41,1619.53,True
ORD002245,ACC00456,44,1295.11,False
ORD002246,ACC00456,54,343.71,False
ORD002247,ACC00456,5,1763.61,False
ORD002248,ACC00456,11,1134.79,False
ORD002249,ACC00457,55,246.24,False
ORD002250,ACC00457,32,362.25,False
ORD002251,ACC00457,59,2937.83,False
ORD002252,ACC00457,23,1211.08,False
ORD002253,ACC00457,27,272.77,False
ORD002254,ACC00457,30,438.57,False
ORD002255,ACC00457,7,182.42,True
ORD002256,ACC00457,3,483.89,False
ORD002257,ACC00458,42,1859.33,False
ORD002258,ACC00458,30,3786.11,False
ORD002259,ACC00458,59,1398.2,True
ORD002260,ACC00458,52,302.23,False
ORD002261,ACC00458,42,806.79,False
ORD002262,ACC00458,57,1390.55,False
ORD002263,ACC00458,46,215.96,False
ORD002264,ACC00458,31,1720.59,False
ORD002265,ACC00458,54,123.69,False
ORD002266,ACC00459,54,402.67,False
ORD002267,ACC00459,25,1504.42,False
ORD002268,ACC00459,4,299.48,False
ORD002269,ACC00459,51,80.8,False
ORD002270,ACC00459,33,819.88,False
ORD002271,ACC00459,45,2384.3,False
ORD002272,ACC00460,29,503.84,False
ORD002273,ACC00460,4,795.96,False
ORD002274,ACC00460,11,2804.22,False
ORD002275,ACC00460,31,410.02,False
ORD002276,ACC00460,53,105.3,False
ORD002277,ACC00460,48,382.61,False
ORD002278,ACC00460,13,1340.4,False
ORD002279,ACC00461,3,1141.96,False
ORD002280,ACC00461,3,1262.18,False
ORD002281,ACC00461,4,878.7,False
ORD002282,ACC00461,19,525.03,True
ORD002283,ACC00461,52,99.73,False
ORD002284,ACC00462,15,479.43,False
ORD002285,ACC00462,11,421.62,False
ORD002286,ACC00462,38,572.15,False
ORD002287,ACC00462,15,963.0,True
ORD002288,ACC00463,50,131.79,False
ORD002289,ACC00463,43,1344.19,False
ORD002290,ACC00463,30,161.99,False
ORD002291,ACC00463,52,1387.46,False
ORD002292,ACC00463,52,322.43,False
ORD002293,ACC00464,19,1359.01,False
ORD002294,ACC00464,33,1010.18,False
ORD002295,ACC00464,32,1034.57,False
ORD002296,ACC00464,30,1006.34,False
ORD002297,ACC00464,18,1977.14,False
ORD002298,ACC00464,9,1453.28,False
ORD002299,ACC00465,34,1488.28,False
ORD002300,ACC00465,13,128.47,False
ORD002301,ACC00465,13,1700.69,False
ORD002302,ACC00465,43,429.74,False
ORD002303,ACC00465,1,1247.66,False
ORD002304,ACC00465,7,454.64,False
ORD002305,ACC00466,55,535.51,False
ORD002306,ACC00466,14,498.18,False
ORD002307,ACC00466,15,201.56,False
ORD002308,ACC00466,11,1561.93,False
ORD002309,ACC00467,26,1234.57,False
ORD002310,ACC00467,53,1206.51,False
ORD002311,ACC00468,3,574.24,False
ORD002312,ACC00468,40,634.25,False
ORD002313,ACC00468,37,659.53,False
ORD002314,ACC00468,29,2524.95,False
ORD002315,ACC00468,38,1765.59,False
ORD002316,ACC00468,51,414.55,False
ORD002317,ACC00468,34,2470.01,False
ORD002318,ACC00468,22,292.37,False
ORD002319,ACC00468,25,576.72,False
ORD002320,ACC00468,34,708.11,False
ORD002321,ACC00469,34,718.88,False
ORD002322,ACC00469,22,1011.26,False
ORD002323,ACC00469,46,1493.79,False
ORD002324,ACC00469,49,398.97,False
ORD002325,ACC00469,59,1184.08,False
ORD002326,ACC00469,26,581.98,False
ORD002327,ACC00469,6,1620.47,False
ORD002328,ACC00469,29,408.95,False
ORD002329,ACC00469,26,204.49,False
ORD002330,ACC00469,12,1337.95,False
ORD002331,ACC00470,35,225.87,False
ORD002332,ACC00470,7,584.98,False
ORD002333,ACC00470,8,896.1,False
ORD002334,ACC00470,58,526.35,False
ORD002335,ACC00470,11,796.75,False
ORD002336,ACC00470,36,1501.48,False
ORD002337,ACC00470,13,3131.05,False
ORD002338,ACC00471,52,1314.38,False
ORD002339,ACC00471,29,377.45,False
ORD002340,ACC00471,52,503.68,False
ORD002341,ACC00472,13,1431.46,False
ORD002342,ACC00472,16,589.16,False
ORD002343,ACC00472,58,616.6,False
ORD002344,ACC00472,5,752.76,False
ORD002345,ACC00472,30,2561.01,False
ORD002346,ACC00472,42,898.4,False
ORD002347,ACC00473,3,1763.94,False
ORD002348,ACC00473,58,2431.88,True
ORD002349,ACC00473,25,2042.1,False
ORD002350,ACC00473,37,902.57,False
ORD002351,ACC00473,35,576.45,False
ORD002352,ACC00473,22,915.05,False
ORD002353,ACC00473,22,1008.55,False
ORD002354,ACC00474,39,1943.88,False
ORD002355,ACC00474,58,260.16,False
ORD002356,ACC00474,51,3502.57,False
ORD002357,ACC00474,44,1043.4,False
ORD002358,ACC00474,17,1849.13,False
ORD002359,ACC00474,31,1093.96,False
ORD002360,ACC00475,43,1105.31,False
ORD002361,ACC00475,32,564.71,False
ORD002362,ACC00475,1,1315.66,False
ORD002363,ACC00475,41,1251.21,False
ORD002364,ACC00475,2,676.24,False
ORD002365,ACC00475,18,414.83,False
ORD002366,ACC00476,4,716.72,False
ORD002367,ACC00476,59,1164.56,False
ORD002368,ACC00476,36,1695.0,False
ORD002369,ACC00476,37,382.62,False
ORD002370,ACC00476,52,649.35,False
ORD002371,ACC00476,29,476.48,False
ORD002372,ACC00477,44,899.76,False
ORD002373,ACC00477,15,697.6,False
ORD002374,ACC00477,58,1463.38,False
ORD002375,ACC00478,7,858.08,False
ORD002376,ACC00478,26,303.71,False
ORD002377,ACC00479,32,1349.85,False
ORD002378,ACC00479,52,1301.41,False
ORD002379,ACC00479,19,1374.8,False
ORD002380,ACC00479,56,352.31,False
ORD002381,ACC00479,56,884.94,False
ORD002382,ACC00480,1,1450.9,False
ORD002383,ACC00480,39,602.58,False
ORD002384,ACC00480,48,2368.86,False
ORD002385,ACC00480,49,2437.06,False
ORD002386,ACC00480,51,812.67,False
ORD002387,ACC00480,19,1216.63,True
ORD002388,ACC00480,6,757.79,False
ORD002389,ACC00481,59,374.91,False
ORD002390,ACC00481,14,215.97,False
ORD002391,ACC00481,9,1025.41,False
ORD002392,ACC00481,56,965.61,False
ORD002393,ACC00481,59,684.64,False
ORD002394,ACC00481,51,922.09,False
ORD002395,ACC00481,36,1402.93,False
ORD002396,ACC00482,6,2477.53,False
ORD002397,ACC00482,37,230.95,False
ORD002398,ACC00482,34,454.97,False
ORD002399,ACC00482,1,183.55,False
ORD002400,ACC00483,37,1311.13,False
ORD002401,ACC00483,50,1048.28,True
ORD002402,ACC00483,57,204.5,False
ORD002403,ACC00483,21,236.3,False
ORD002404,ACC00483,15,215.92,False
ORD002405,ACC00483,18,532.51,False
ORD002406,ACC00483,34,924.52,True
ORD002407,ACC00483,15,284.04,True
ORD002408,ACC00484,31,1989.57,True
ORD002409,ACC00484,56,197.39,False
ORD002410,ACC00484,47,654.57,False
ORD002411,ACC00485,9,783.5,False
ORD002412,ACC00485,24,1442.24,False
ORD002413,ACC00485,33,757.45,False
ORD002414,ACC00485,18,1608.2,False
ORD002415,ACC00485,13,1339.8,False
ORD002416,ACC00486,0,216.43,False
ORD002417,ACC00486,30,1400.12,False
ORD002418,ACC00486,51,419.41,False
ORD002419,ACC00486,0,673.01,False
ORD002420,ACC00486,40,296.53,False
ORD002421,ACC00487,23,2076.35,False
ORD002422,ACC00487,55,1042.49,False
ORD002423,ACC00487,37,615.59,True
ORD002424,ACC00487,38,783.36,False
ORD002425,ACC00487,44,399.67,False
ORD002426,ACC00487,17,681.18,False
ORD002427,ACC00487,55,653.6,False
ORD002428,ACC00488,12,298.68,False
ORD002429,ACC00488,25,203.59,False
ORD002430,ACC00488,16,1785.9,False
ORD002431,ACC00488,20,337.65,False
ORD002432,ACC00488,27,1268.73,False
ORD002433,ACC00489,55,1421.26,False
ORD002434,ACC00489,31,953.45,False
ORD002435,ACC00489,27,1058.46,False
ORD002436,ACC00489,33,1942.28,False
ORD002437,ACC00490,34,789.08,True
ORD002438,ACC00490,2,733.01,False
ORD002439,ACC00490,45,504.21,False
ORD002440,ACC00490,22,334.81,False
ORD002441,ACC00490,47,987.28,False
ORD002442,ACC00491,1,133.65,False
ORD002443,ACC00491,2,779.07,False
ORD002444,ACC00491,14,1223.1,False
ORD002445,ACC00491,54,155.25,False
ORD002446,ACC00491,11,1327.7,False
ORD002447,ACC00492,41,2319.29,True
ORD002448,ACC00492,45,889.81,True
ORD002449,ACC00492,8,1480.18,False
ORD002450,ACC00493,38,1310.66,False
ORD002451,ACC00493,29,637.06,True
ORD002452,ACC00493,36,1476.99,False
ORD002453,ACC00493,58,474.83,False
ORD002454,ACC00493,38,686.07,False
ORD002455,ACC00493,39,1120.84,False
ORD002456,ACC00494,19,1826.43,True
ORD002457,ACC00494,41,665.67,False
ORD002458,ACC00494,59,753.65,True
ORD002459,ACC00494,20,192.74,False
ORD002460,ACC00494,23,1442.99,False
ORD002461,ACC00494,55,462.1,False
ORD002462,ACC00495,45,1343.46,False
ORD002463,ACC00495,20,648.3,False
ORD002464,ACC00495,57,998.71,False
ORD002465,ACC00496,53,144.71,False
ORD002466,ACC00496,54,375.98,False
ORD002467,ACC00496,41,1233.5,False
ORD002468,ACC00496,20,957.72,False
ORD002469,ACC00497,42,358.26,False
ORD002470,ACC00497,5,1169.82,False
ORD002471,ACC00497,38,542.52,False
ORD002472,ACC00497,18,787.05,False
ORD002473,ACC00497,5,139.81,False
ORD002474,ACC00497,30,115.29,False
ORD002475,ACC00497,50,1691.4,False
ORD002476,ACC00497,59,640.9,False
ORD002477,ACC00498,58,1525.04,False
ORD002478,ACC00498,15,636.68,False
ORD002479,ACC00499,19,1171.9,False
ORD002480,ACC00499,12,734.82,False
ORD002481,ACC00499,14,959.45,False
ORD002482,ACC00500,57,387.38,False
ORD002483,ACC00500,20,676.66,False
ORD002484,ACC00500,14,461.33,True
ORD002485,ACC00500,53,422.43,False
ORD002486,ACC00501,47,573.57,False
ORD002487,ACC00501,2,1211.64,False
ORD002488,ACC00501,16,344.07,False
ORD002489,ACC00501,24,2709.33,False
ORD002490,ACC00501,4,1384.68,False
ORD002491,ACC00502,51,904.57,False
ORD002492,ACC00502,58,926.81,False
ORD002493,ACC00502,41,1024.11,False
ORD002494,ACC00502,27,1300.93,False
ORD002495,ACC00503,39,1791.77,False
ORD002496,ACC00503,28,556.78,False
ORD002497,ACC00503,59,929.89,False
ORD002498,ACC00503,50,363.82,True
ORD002499,ACC00503,57,574.28,False
ORD002500,ACC00503,44,2778.61,False
ORD002501,ACC00504,30,389.71,False
ORD002502,ACC00504,11,1430.8,False
ORD002503,ACC00504,28,486.28,False
ORD002504,ACC00504,33,1246.24,False
ORD002505,ACC00504,55,649.99,False
ORD002506,ACC00504,37,64.45,False
ORD002507,ACC00505,12,335.43,False
ORD002508,ACC00505,28,194.95,False
ORD002509,ACC00505,11,1438.87,False
ORD002510,ACC00506,58,1014.55,False
ORD002511,ACC00506,4,1094.03,False
ORD002512,ACC00506,51,412.11,False
ORD002513,ACC00507,3,1092.09,False
ORD002514,ACC00507,42,535.92,False
ORD002515,ACC00507,11,952.7,False
ORD002516,ACC00507,48,193.73,False
ORD002517,ACC00507,18,299.81,False
ORD002518,ACC00508,56,915.03,True
ORD002519,ACC00508,34,1055.0,False
ORD002520,ACC00508,31,632.65,False
ORD002521,ACC00509,35,644.03,False
ORD002522,ACC00509,29,746.74,False
ORD002523,ACC00509,40,582.55,False
ORD002524,ACC00509,2,1083.53,False
ORD002525,ACC00510,17,1200.9,False
ORD002526,ACC00510,57,2310.91,False
ORD002527,ACC00510,40,397.95,False
ORD002528,ACC00510,31,573.69,False
ORD002529,ACC00510,45,613.82,True
ORD002530,ACC00511,57,1065.55,False
ORD002531,ACC00511,18,844.9,False
ORD002532,ACC00512,18,818.09,False
ORD002533,ACC00512,19,1643.85,False
ORD002534,ACC00512,39,1986.18,False
ORD002535,ACC00512,40,287.0,False
ORD002536,ACC00512,28,489.41,False
ORD002537,ACC00512,14,193.82,True
ORD002538,ACC00512,24,361.41,False
ORD002539,ACC00513,19,350.05,False
ORD002540,ACC00513,34,560.33,False
ORD002541,ACC00513,54,250.36,False
ORD002542,ACC00513,37,498.2,False
ORD002543,ACC00513,58,340.25,False
ORD002544,ACC00513,19,452.94,False
ORD002545,ACC00514,46,2265.56,False
ORD002546,ACC00514,39,504.43,False
ORD002547,ACC00514,6,1120.0,False
ORD002548,ACC00514,55,3715.5,False
ORD002549,ACC00514,32,1479.98,False
ORD002550,ACC00515,32,491.49,False
ORD002551,ACC00515,15,1904.98,True
ORD002552,ACC00515,8,754.77,False
ORD002553,ACC00516,49,789.79,False
ORD002554,ACC00516,28,455.18,False
ORD002555,ACC00516,34,1884.26,False
ORD002556,ACC00516,25,1399.7,False
ORD002557,ACC00517,59,319.32,True
ORD002558,ACC00517,18,1779.6,False
ORD002559,ACC00517,47,256.26,False
ORD002560,ACC00517,23,209.33,False
ORD002561,ACC00517,4,822.35,False
ORD002562,ACC00517,10,809.53,False
ORD002563,ACC00517,18,1023.09,False
ORD002564,ACC00518,23,870.58,False
ORD002565,ACC00518,14,1115.63,False
ORD002566,ACC00519,36,1517.48,False
ORD002567,ACC00519,21,655.45,False
ORD002568,ACC00519,21,286.7,False
ORD002569,ACC00519,12,335.46,False
ORD002570,ACC00519,44,203.75,False
ORD002571,ACC00519,6,427.21,False
ORD002572,ACC00520,15,494.55,False
ORD002573,ACC00520,26,728.63,False
ORD002574,ACC00520,53,1464.89,False
ORD002575,ACC00520,53,234.32,False
ORD002576,ACC00520,36,573.14,False
ORD002577,ACC00521,53,3393.75,False
ORD002578,ACC00521,26,452.55,False
ORD002579,ACC00521,31,818.72,False
ORD002580,ACC00521,22,1694.27,False
ORD002581,ACC00521,38,46.61,False
ORD002582,ACC00521,38,110.73,False
ORD002583,ACC00522,40,1014.64,False
ORD002584,ACC00522,47,468.81,False
ORD002585,ACC00522,52,398.3,False
ORD002586,ACC00522,1,283.95,False
ORD002587,ACC00522,10,2005.22,False
ORD002588,ACC00522,10,499.4,False
ORD002589,ACC00523,55,1048.86,False
ORD002590,ACC00523,48,459.36,False
ORD002591,ACC00523,57,690.92,False
ORD002592,ACC00524,40,790.74,False
ORD002593,ACC00525,0,271.05,False
ORD002594,ACC00525,46,601.81,False
ORD002595,ACC00525,13,233.94,False
ORD002596,ACC00525,0,3506.6,False
ORD002597,ACC00525,24,481.33,False
ORD002598,ACC00525,49,575.78,False
ORD002599,ACC00525,7,456.75,False
ORD002600,ACC00525,51,51.95,False
ORD002601,ACC00526,24,556.25,False
ORD002602,ACC00526,3,610.48,False
ORD002603,ACC00526,45,101.92,False
ORD002604,ACC00527,38,346.39,False
ORD002605,ACC00527,38,1981.82,False
ORD002606,ACC00527,26,846.95,False
ORD002607,ACC00527,42,407.29,False
ORD002608,ACC00527,56,1340.25,False
ORD002609,ACC00528,24,2959.33,True
ORD002610,ACC00528,14,1039.16,False
ORD002611,ACC00528,1,265.71,False
ORD002612,ACC00528,57,727.7,False
ORD002613,ACC00528,5,865.86,True
ORD002614,ACC00529,53,456.39,False
ORD002615,ACC00529,9,444.51,False
ORD002616,ACC00529,15,920.72,False
ORD002617,ACC00529,39,259.06,False
ORD002618,ACC00529,53,153.89,False
ORD002619,ACC00529,24,1285.56,False
ORD002620,ACC00529,15,359.35,False
ORD002621,ACC00529,20,1545.8,False
ORD002622,ACC00530,3,777.97,False
ORD002623,ACC00530,21,579.1,False
ORD002624,ACC00530,31,442.08,False
ORD002625,ACC00530,12,780.23,False
ORD002626,ACC00531,17,435.38,False
ORD002627,ACC00531,56,1439.57,True
ORD002628,ACC00531,13,1424.6,True
ORD002629,ACC00531,55,901.99,False
ORD002630,ACC00531,55,764.55,False
ORD002631,ACC00531,36,151.0,False
ORD002632,ACC00531,6,293.03,False
ORD002633,ACC00531,37,909.61,True
ORD002634,ACC00532,47,972.35,False
ORD002635,ACC00532,34,2138.36,False
ORD002636,ACC00532,22,271.09,False
ORD002637,ACC00532,15,772.61,False
ORD002638,ACC00532,16,793.09,False
ORD002639,ACC00533,31,736.93,False
ORD002640,ACC00533,26,951.87,False
ORD002641,ACC00533,39,1419.89,False
ORD002642,ACC00533,13,765.65,False
ORD002643,ACC00533,24,690.18,False
ORD002644,ACC00533,5,263.58,False
ORD002645,ACC00533,6,120.26,False
ORD002646,ACC00534,33,741.6,False
ORD002647,ACC00534,16,508.19,False
ORD002648,ACC00535,52,1318.49,False
ORD002649,ACC00535,10,1617.15,True
ORD002650,ACC00535,32,801.4,False
ORD002651,ACC00536,22,565.61,False
ORD002652,ACC00536,39,390.29,False
ORD002653,ACC00536,24,1576.85,False
ORD002654,ACC00536,1,409.84,False
ORD002655,ACC00536,1,790.24,False
ORD002656,ACC00537,20,821.82,False
ORD002657,ACC00537,15,273.72,False
ORD002658,ACC00538,7,351.59,False
ORD002659,ACC00538,40,739.98,False
ORD002660,ACC00538,13,929.05,False
ORD002661,ACC00538,51,1011.15,False
ORD002662,ACC00538,10,1027.09,False
ORD002663,ACC00538,1,1608.47,False
ORD002664,ACC00538,23,1525.47,False
ORD002665,ACC00539,19,647.07,False
ORD002666,ACC00539,20,1074.53,False
ORD002667,ACC00539,6,1544.01,False
ORD002668,ACC00539,35,2058.86,False
ORD002669,ACC00539,46,86.77,False
ORD002670,ACC00539,0,3803.9,False
ORD002671,ACC00539,48,1159.48,False
ORD002672,ACC00539,48,3592.23,False
ORD002673,ACC00540,34,997.87,False
ORD002674,ACC00540,38,545.4,True
ORD002675,ACC00540,48,1254.96,False
ORD002676,ACC00540,7,500.0,True
ORD002677,ACC00540,39,584.75,False
ORD002678,ACC00540,21,1500.49,False
ORD002679,ACC00540,13,1230.55,False
ORD002680,ACC00540,13,2442.44,False
ORD002681,ACC00541,17,1591.41,False
ORD002682,ACC00541,5,987.91,False
ORD002683,ACC00541,37,552.36,False
ORD002684,ACC00542,55,912.61,False
ORD002685,ACC00542,9,56.11,False
ORD002686,ACC00542,11,1772.39,False
ORD002687,ACC00542,3,241.87,True
ORD002688,ACC00543,52,751.35,False
ORD002689,ACC00543,53,1579.41,False
ORD002690,ACC00543,58,666.28,False
ORD002691,ACC00543,39,610.21,False
ORD002692,ACC00543,36,1399.71,False
ORD002693,ACC00544,6,530.12,False
ORD002694,ACC00544,38,1052.45,False
ORD002695,ACC00544,58,785.62,False
ORD002696,ACC00544,46,2158.18,False
ORD002697,ACC00544,51,1042.26,False
ORD002698,ACC00544,59,553.7,False
ORD002699,ACC00545,41,1846.13,False
ORD002700,ACC00545,52,1563.52,False
ORD002701,ACC00545,53,391.23,False
ORD002702,ACC00545,50,1332.85,False
ORD002703,ACC00545,39,59.78,False
ORD002704,ACC00546,56,453.47,False
ORD002705,ACC00546,37,1789.88,False
ORD002706,ACC00546,13,1171.07,False
ORD002707,ACC00546,17,828.21,False
ORD002708,ACC00547,16,1598.08,True
ORD002709,ACC00547,18,1244.21,True
ORD002710,ACC00547,35,135.81,False
ORD002711,ACC00547,22,435.89,False
ORD002712,ACC00547,55,2823.43,False
ORD002713,ACC00547,5,291.77,False
ORD002714,ACC00548,29,587.12,False
ORD002715,ACC00548,10,133.88,False
ORD002716,ACC00549,23,403.99,False
ORD002717,ACC00549,21,746.02,False
ORD002718,ACC00549,32,1089.71,False
ORD002719,ACC00550,46,510.32,False
ORD002720,ACC00550,22,201.22,False
ORD002721,ACC00550,52,411.78,False
ORD002722,ACC00551,0,1918.08,False
ORD002723,ACC00551,30,394.67,False
ORD002724,ACC00551,47,1240.16,False
ORD002725,ACC00551,8,162.15,False
ORD002726,ACC00552,37,461.13,True
ORD002727,ACC00552,17,475.62,True
ORD002728,ACC00552,41,409.43,True
ORD002729,ACC00553,54,1540.78,False
ORD002730,ACC00553,45,1098.21,False
ORD002731,ACC00553,14,349.97,False
ORD002732,ACC00553,1,382.92,False
ORD002733,ACC00554,58,1229.46,False
ORD002734,ACC00554,26,230.06,False
ORD002735,ACC00554,29,587.72,False
ORD002736,ACC00554,10,1101.92,False
ORD002737,ACC00555,44,579.48,True
ORD002738,ACC00555,31,510.91,False
ORD002739,ACC00555,10,644.47,False
ORD002740,ACC00555,55,659.75,False
ORD002741,ACC00556,38,752.98,False
ORD002742,ACC00556,45,970.68,False
ORD002743,ACC00556,5,2668.0,False
ORD002744,ACC00557,35,213.68,False
ORD002745,ACC00557,15,670.37,False
ORD002746,ACC00557,41,2369.68,False
ORD002747,ACC00557,31,1070.46,False
ORD002748,ACC00557,10,334.31,False
ORD002749,ACC00557,11,1316.04,False
ORD002750,ACC00557,1,847.99,False
ORD002751,ACC00558,34,1279.35,False
ORD002752,ACC00558,20,357.13,False
ORD002753,ACC00558,10,667.19,False
ORD002754,ACC00558,6,563.2,False
ORD002755,ACC00558,23,1902.8,False
ORD002756,ACC00558,34,129.94,False
ORD002757,ACC00558,29,913.25,False
ORD002758,ACC00559,11,808.92,False
ORD002759,ACC00559,57,864.79,False
ORD002760,ACC00559,47,549.3,False
ORD002761,ACC00559,44,1205.82,False
ORD002762,ACC00559,29,458.44,False
ORD002763,ACC00560,38,1057.3,False
ORD002764,ACC00560,48,922.86,False
ORD002765,ACC00560,27,587.76,False
ORD002766,ACC00560,9,352.43,False
ORD002767,ACC00560,29,1050.94,False
ORD002768,ACC00561,7,1103.08,False
ORD002769,ACC00561,21,411.62,False
ORD002770,ACC00561,15,675.31,False
ORD002771,ACC00561,8,768.89,False
ORD002772,ACC00561,3,479.72,True
ORD002773,ACC00562,34,487.93,False
ORD002774,ACC00562,54,1668.64,False
ORD002775,ACC00562,56,139.02,False
ORD002776,ACC00563,35,1756.36,False
ORD002777,ACC00563,14,753.87,False
ORD002778,ACC00563,0,68.31,False
ORD002779,ACC00563,42,235.21,False
ORD002780,ACC00563,9,1618.64,True
ORD002781,ACC00564,3,263.66,False
ORD002782,ACC00564,46,2024.38,False
ORD002783,ACC00564,56,409.53,False
ORD002784,ACC00564,26,492.8,False
ORD002785,ACC00564,15,416.46,False
ORD002786,ACC00564,57,755.85,False
ORD002787,ACC00564,5,762.17,False
ORD002788,ACC00564,7,855.96,False
ORD002789,ACC00565,57,1132.3,False
ORD002790,ACC00565,43,443.25,False
ORD002791,ACC00565,26,1155.18,False
ORD002792,ACC00565,9,1484.16,False
ORD002793,ACC00565,17,951.28,True
ORD002794,ACC00565,7,293.18,False
ORD002795,ACC00565,9,764.58,False
ORD002796,ACC00566,10,307.88,False
ORD002797,ACC00566,5,797.76,False
ORD002798,ACC00567,21,1831.97,False
ORD002799,ACC00567,18,1758.67,False
ORD002800,ACC00567,25,607.28,False
ORD002801,ACC00567,28,206.96,False
ORD002802,ACC00567,15,671.59,False
ORD002803,ACC00568,22,762.29,False
ORD002804,ACC00568,25,952.36,False
ORD002805,ACC00568,4,388.17,False
ORD002806,ACC00569,5,1298.57,False
ORD002807,ACC00569,29,814.85,False
ORD002808,ACC00569,42,790.48,False
ORD002809,ACC00569,12,106.53,False
ORD002810,ACC00569,21,719.61,False
ORD002811,ACC00569,25,417.02,False
ORD002812,ACC00569,55,2235.3,False
ORD002813,ACC00569,8,888.93,False
ORD002814,ACC00569,55,656.56,False
ORD002815,ACC00570,8,424.62,False
ORD002816,ACC00570,40,957.76,False
ORD002817,ACC00570,40,86.45,False
ORD002818,ACC00571,1,1663.83,False
ORD002819,ACC00571,56,728.45,False
ORD002820,ACC00571,27,425.68,False
ORD002821,ACC00571,8,377.13,False
ORD002822,ACC00571,36,416.31,False
ORD002823,ACC00572,23,1594.06,True
ORD002824,ACC00572,40,727.2,False
ORD002825,ACC00572,58,713.66,False
ORD002826,ACC00572,54,1280.16,False
ORD002827,ACC00573,4,336.28,True
ORD002828,ACC00573,32,394.64,False
ORD002829,ACC00573,1,1747.08,False
ORD002830,ACC00573,56,812.23,False
ORD002831,ACC00573,42,478.72,False
ORD002832,ACC00574,19,60.28,False
ORD002833,ACC00574,40,849.2,False
ORD002834,ACC00574,54,1958.59,False
ORD002835,ACC00574,21,994.19,False
ORD002836,ACC00574,34,120.78,False
ORD002837,ACC00574,16,614.06,False
ORD002838,ACC00575,32,1987.28,True
ORD002839,ACC00575,51,572.91,False
ORD002840,ACC00576,5,523.93,False
ORD002841,ACC00576,37,1513.78,False
ORD002842,ACC00576,47,1078.9,False
ORD002843,ACC00576,50,174.74,False
ORD002844,ACC00576,19,1746.65,False
ORD002845,ACC00576,55,1427.37,False
ORD002846,ACC00577,28,697.3,False
ORD002847,ACC00577,59,305.01,False
ORD002848,ACC00577,31,597.49,False
ORD002849,ACC00577,38,704.61,False
ORD002850,ACC00577,4,144.12,False
ORD002851,ACC00577,46,54.58,False
ORD002852,ACC00578,40,1431.74,False
ORD002853,ACC00578,37,25.58,False
ORD002854,ACC00578,10,1213.4,False
ORD002855,ACC00578,43,607.19,False
ORD002856,ACC00578,29,322.09,False
ORD002857,ACC00578,9,1089.42,False
ORD002858,ACC00578,28,1069.75,False
ORD002859,ACC00579,19,448.22,False
ORD002860,ACC00579,33,269.25,False
ORD002861,ACC00579,34,674.7,False
ORD002862,ACC00579,3,1368.96,False
ORD002863,ACC00580,0,1372.27,False
ORD002864,ACC00580,50,916.71,False
ORD002865,ACC00580,59,569.39,False
ORD002866,ACC00580,9,797.76,False
ORD002867,ACC00581,31,239.79,False
ORD002868,ACC00581,6,1378.86,False
ORD002869,ACC00581,40,165.42,True
ORD002870,ACC00582,11,402.38,True
ORD002871,ACC00582,20,263.23,False
ORD002872,ACC00582,18,686.19,False
ORD002873,ACC00583,9,473.43,False
ORD002874,ACC00583,43,378.42,False
ORD002875,ACC00583,25,1741.8,False
ORD002876,ACC00583,10,2424.55,False
ORD002877,ACC00583,59,888.59,False
ORD002878,ACC00583,11,1038.11,False
ORD002879,ACC00583,5,171.0,False
ORD002880,ACC00583,22,1845.27,False
ORD002881,ACC00584,6,1104.17,False
ORD002882,ACC00584,39,2520.17,False
ORD002883,ACC00584,0,1695.37,False
ORD002884,ACC00584,53,305.59,False
ORD002885,ACC00584,29,1060.67,False
ORD002886,ACC00584,14,1847.45,False
ORD002887,ACC00585,22,1309.75,False
ORD002888,ACC00585,57,754.99,False
ORD002889,ACC00585,41,70.71,False
ORD002890,ACC00585,59,355.63,False
ORD002891,ACC00585,0,1425.62,False
ORD002892,ACC00585,16,1045.22,False
ORD002893,ACC00586,19,393.43,False
ORD002894,ACC00586,59,751.31,False
ORD002895,ACC00587,5,751.56,True
ORD002896,ACC00587,15,1556.84,False
ORD002897,ACC00587,43,268.78,False
ORD002898,ACC00587,59,83.85,False
ORD002899,ACC00587,39,734.29,True
ORD002900,ACC00588,2,1977.86,False
ORD002901,ACC00588,51,411.77,False
ORD002902,ACC00588,30,1028.84,False
ORD002903,ACC00588,28,228.09,False
ORD002904,ACC00588,18,1797.71,False
ORD002905,ACC00588,43,859.06,False
ORD002906,ACC00588,18,538.71,False
ORD002907,ACC00588,33,983.66,False
ORD002908,ACC00589,48,316.85,False
ORD002909,ACC00589,52,572.82,True
ORD002910,ACC00589,40,1008.53,False
ORD002911,ACC00590,21,802.61,False
ORD002912,ACC00590,23,1106.64,False
ORD002913,ACC00590,49,919.81,True
ORD002914,ACC00590,20,1878.53,False
ORD002915,ACC00590,29,1141.82,False
ORD002916,ACC00591,31,331.67,False
ORD002917,ACC00591,28,328.17,False
ORD002918,ACC00591,36,349.13,False
ORD002919,ACC00591,58,826.85,False
ORD002920,ACC00591,47,874.64,False
ORD002921,ACC00591,9,319.27,False
ORD002922,ACC00591,11,1906.13,False
ORD002923,ACC00592,21,1779.51,False
ORD002924,ACC00592,33,638.3,False
ORD002925,ACC00592,57,1056.07,False
ORD002926,ACC00592,22,1837.7,False
ORD002927,ACC00592,6,1319.75,False
ORD002928,ACC00592,40,697.75,True
ORD002929,ACC00592,58,478.35,True
ORD002930,ACC00593,26,119.69,False
ORD002931,ACC00593,18,633.03,False
ORD002932,ACC00593,5,460.54,False
ORD002933,ACC00593,51,535.06,False
ORD002934,ACC00593,7,783.52,True
ORD002935,ACC00593,42,470.61,False
ORD002936,ACC00593,44,1134.7,True
ORD002937,ACC00594,36,196.56,False
ORD002938,ACC00594,31,115.36,False
ORD002939,ACC00594,48,691.81,False
ORD002940,ACC00594,51,693.37,False
ORD002941,ACC00594,11,842.32,False
ORD002942,ACC00594,43,293.6,False
ORD002943,ACC00595,57,611.99,False
ORD002944,ACC00595,55,1307.85,False
ORD002945,ACC00595,15,867.07,False
ORD002946,ACC00595,44,534.35,False
ORD002947,ACC00596,42,1500.12,False
ORD002948,ACC00596,39,982.23,False
ORD002949,ACC00596,58,535.73,False
ORD002950,ACC00596,17,562.16,True
ORD002951,ACC00596,23,1569.85,False
ORD002952,ACC00596,41,537.64,False
ORD002953,ACC00596,20,809.95,False
ORD002954,ACC00597,1,1372.66,False
ORD002955,ACC00597,40,2013.68,False
ORD002956,ACC00597,52,1303.79,False
ORD002957,ACC00597,54,862.2,False
ORD002958,ACC00598,41,1650.55,True
ORD002959,ACC00598,13,206.73,False
ORD002960,ACC00598,5,880.12,False
ORD002961,ACC00599,5,1036.66,False
ORD002962,ACC00599,13,309.75,False
ORD002963,ACC00600,42,623.07,False
ORD002964,ACC00600,39,325.78,False
ORD002965,ACC00600,28,1182.51,False
ORD002966,ACC00600,25,1319.1,False
ORD002967,ACC00601,50,2385.4,False
ORD002968,ACC00601,37,138.73,False
ORD002969,ACC00601,7,212.0,False
ORD002970,ACC00601,15,760.11,False
ORD002971,ACC00601,45,190.45,False
ORD002972,ACC00601,57,557.1,False
ORD002973,ACC00601,54,77.3,False
ORD002974,ACC00602,7,459.35,False
ORD002975,ACC00602,32,830.1,False
ORD002976,ACC00602,34,673.54,False
ORD002977,ACC00603,13,211.02,False
ORD002978,ACC00603,21,336.24,False
ORD002979,ACC00603,28,100.75,False
ORD002980,ACC00603,29,1200.0,False
ORD002981,ACC00603,43,264.88,False
ORD002982,ACC00603,53,427.8,False
ORD002983,ACC00604,53,665.22,False
ORD002984,ACC00604,45,22.63,False
ORD002985,ACC00604,48,402.09,False
ORD002986,ACC00604,39,285.86,False
ORD002987,ACC00604,39,1564.33,False
ORD002988,ACC00604,51,587.81,False
ORD002989,ACC00604,58,382.06,False
ORD002990,ACC00604,49,638.4,False
ORD002991,ACC00605,8,728.57,False
ORD002992,ACC00605,43,858.24,False
ORD002993,ACC00605,12,585.51,False
ORD002994,ACC00605,56,1382.33,False
ORD002995,ACC00605,9,367.4,False
ORD002996,ACC00605,41,623.66,False
ORD002997,ACC00605,14,463.22,False
ORD002998,ACC00605,3,1616.2,False
ORD002999,ACC00606,42,582.9,True
ORD003000,ACC00606,45,988.28,True
ORD003001,ACC00606,1,1564.76,False
ORD003002,ACC00606,57,1107.68,True
ORD003003,ACC00606,29,1081.3,False
ORD003004,ACC00606,12,936.34,True
ORD003005,ACC00607,9,842.46,True
ORD003006,ACC00607,42,748.01,False
ORD003007,ACC00607,29,1027.66,False
ORD003008,ACC00607,44,372.15,False
ORD003009,ACC00607,20,444.1,True
ORD003010,ACC00608,34,2570.85,False
ORD003011,ACC00608,57,1487.22,False
ORD003012,ACC00608,41,2378.51,False
ORD003013,ACC00608,37,1984.0,False
ORD003014,ACC00608,7,122.83,False
ORD003015,ACC00608,47,1476.33,False
ORD003016,ACC00609,24,722.8,True
ORD003017,ACC00609,39,616.89,False
ORD003018,ACC00609,34,397.83,True
ORD003019,ACC00609,49,739.7,False
ORD003020,ACC00609,47,2560.06,True
ORD003021,ACC00610,56,87.94,False
ORD003022,ACC00610,36,578.19,False
ORD003023,ACC00610,48,551.37,False
ORD003024,ACC00611,12,295.39,False
ORD003025,ACC00611,40,2138.95,False
ORD003026,ACC00611,15,1841.85,False
ORD003027,ACC00611,29,105.84,False
ORD003028,ACC00612,14,505.07,False
ORD003029,ACC00612,27,1259.92,True
ORD003030,ACC00612,55,69.65,True
ORD003031,ACC00612,6,1034.71,True
ORD003032,ACC00613,50,1465.41,False
ORD003033,ACC00613,1,2272.35,False
ORD003034,ACC00613,59,871.29,False
ORD003035,ACC00613,7,457.69,True
ORD003036,ACC00613,0,1753.39,False
ORD003037,ACC00613,8,311.33,False
ORD003038,ACC00614,4,865.04,False
ORD003039,ACC00614,27,389.24,False
ORD003040,ACC00614,42,1814.34,False
ORD003041,ACC00614,31,801.89,False
ORD003042,ACC00614,5,741.08,False
ORD003043,ACC00615,49,588.49,False
ORD003044,ACC00615,39,742.1,False
ORD003045,ACC00615,35,1623.6,False
ORD003046,ACC00615,54,2284.62,True
ORD003047,ACC00615,49,764.88,False
ORD003048,ACC00615,42,858.38,False
ORD003049,ACC00616,57,817.89,False
ORD003050,ACC00616,15,388.04,True
ORD003051,ACC00616,51,493.52,False
ORD003052,ACC00616,0,1200.51,False
ORD003053,ACC00616,59,405.44,False
ORD003054,ACC00616,13,1094.42,False
ORD003055,ACC00617,46,716.32,False
ORD003056,ACC00617,6,182.27,False
ORD003057,ACC00617,44,2240.12,False
ORD003058,ACC00618,27,392.8,True
ORD003059,ACC00618,52,792.11,False
ORD003060,ACC00618,21,739.03,True
ORD003061,ACC00618,7,634.67,False
ORD003062,ACC00618,47,521.09,False
ORD003063,ACC00618,12,1325.99,False
ORD003064,ACC00618,58,425.25,True
ORD003065,ACC00619,39,444.35,True
ORD003066,ACC00619,56,1906.23,False
ORD003067,ACC00619,30,594.69,False
ORD003068,ACC00620,58,1168.25,False
ORD003069,ACC00620,16,3524.18,False
ORD003070,ACC00620,38,786.5,False
ORD003071,ACC00620,49,1944.54,False
ORD003072,ACC00621,39,284.85,False
ORD003073,ACC00621,29,864.66,False
ORD003074,ACC00621,47,806.5,False
ORD003075,ACC00621,2,265.57,False
ORD003076,ACC00622,40,561.68,False
ORD003077,ACC00622,37,699.93,False
ORD003078,ACC00622,31,556.34,False
ORD003079,ACC00622,49,678.92,False
ORD003080,ACC00623,58,1388.45,False
ORD003081,ACC00623,43,792.59,False
ORD003082,ACC00623,55,1739.27,False
ORD003083,ACC00624,38,1263.93,False
ORD003084,ACC00624,16,575.09,False
ORD003085,ACC00624,28,876.34,False
ORD003086,ACC00624,24,1008.2,False
ORD003087,ACC00625,35,594.87,False
ORD003088,ACC00625,39,1074.91,False
ORD003089,ACC00625,0,656.3,False
ORD003090,ACC00626,22,814.8,False
ORD003091,ACC00626,51,1025.12,False
ORD003092,ACC00626,14,502.94,False
ORD003093,ACC00626,49,999.29,False
ORD003094,ACC00627,0,533.84,False
ORD003095,ACC00627,52,573.93,False
ORD003096,ACC00627,28,415.35,True
ORD003097,ACC00628,44,453.04,False
ORD003098,ACC00628,38,2855.21,False
ORD003099,ACC00628,17,787.84,False
ORD003100,ACC00628,16,929.97,False
ORD003101,ACC00628,53,1463.57,False
ORD003102,ACC00629,32,851.89,False
ORD003103,ACC00629,41,621.88,False
ORD003104,ACC00629,22,1093.86,False
ORD003105,ACC00629,33,217.06,False
ORD003106,ACC00630,38,867.17,False
ORD003107,ACC00630,25,326.81,False
ORD003108,ACC00630,14,443.43,False
ORD003109,ACC00631,47,761.64,False
ORD003110,ACC00631,57,23.34,False
ORD003111,ACC00632,35,1515.21,False
ORD003112,ACC00632,33,606.33,False
ORD003113,ACC00632,29,461.44,False
ORD003114,ACC00633,25,536.99,False
ORD003115,ACC00633,48,271.85,True
ORD003116,ACC00633,13,884.93,False
ORD003117,ACC00634,6,186.49,False
ORD003118,ACC00634,38,1656.85,False
ORD003119,ACC00634,2,711.05,False
ORD003120,ACC00634,21,731.75,False
ORD003121,ACC00634,3,2811.3,False
ORD003122,ACC00635,54,1010.44,False
ORD003123,ACC00635,35,416.74,False
ORD003124,ACC00635,33,2063.95,False
ORD003125,ACC00635,41,1170.7,False
ORD003126,ACC00635,53,813.33,True
ORD003127,ACC00635,35,1626.36,False
ORD003128,ACC00636,45,883.65,False
ORD003129,ACC00636,41,816.16,False
ORD003130,ACC00636,51,181.59,False
ORD003131,ACC00636,53,401.39,False
ORD003132,ACC00636,44,1628.98,False
ORD003133,ACC00636,56,1508.11,False
ORD003134,ACC00636,19,333.08,False
ORD003135,ACC00637,26,1225.62,False
ORD003136,ACC00637,28,289.61,False
ORD003137,ACC00637,23,114.16,False
ORD003138,ACC00637,33,294.08,False
ORD003139,ACC00637,17,634.44,True
ORD003140,ACC00637,53,1625.5,False
ORD003141,ACC00638,38,285.78,False
ORD003142,ACC00638,7,194.24,False
ORD003143,ACC00638,43,778.48,False
ORD003144,ACC00638,14,488.42,False
ORD003145,ACC00638,35,62.8,False
ORD003146,ACC00638,39,1156.6,False
ORD003147,ACC00638,19,1397.97,False
ORD003148,ACC00638,51,1399.81,False
ORD003149,ACC00639,54,654.78,False
ORD003150,ACC00639,42,143.52,False
ORD003151,ACC00639,20,171.67,False
ORD003152,ACC00639,27,117.46,False
ORD003153,ACC00639,28,1091.17,False
ORD003154,ACC00639,18,480.36,True
ORD003155,ACC00639,7,1206.15,False
ORD003156,ACC00640,46,901.13,False
ORD003157,ACC00640,37,253.39,False
ORD003158,ACC00640,5,219.88,False
ORD003159,ACC00640,46,811.9,False
ORD003160,ACC00641,48,953.72,False
ORD003161,ACC00641,52,1311.62,False
ORD003162,ACC00641,13,653.27,False
ORD003163,ACC00642,50,986.89,False
ORD003164,ACC00642,53,630.24,False
ORD003165,ACC00642,13,511.08,False
ORD003166,ACC00642,27,210.57,False
ORD003167,ACC00642,42,456.69,False
ORD003168,ACC00642,26,28.36,False
ORD003169,ACC00642,45,1112.82,False
ORD003170,ACC00642,45,1495.16,False
ORD003171,ACC00643,44,477.51,False
ORD003172,ACC00644,6,1141.56,False
ORD003173,ACC00644,27,507.96,False
ORD003174,ACC00644,59,2177.83,False
ORD003175,ACC00644,52,1294.65,False
ORD003176,ACC00644,50,287.64,False
ORD003177,ACC00644,44,1173.4,False
ORD003178,ACC00645,31,973.88,False
ORD003179,ACC00645,22,439.63,False
ORD003180,ACC00645,51,1093.58,True
ORD003181,ACC00645,5,957.46,False
ORD003182,ACC00645,23,689.38,False
ORD003183,ACC00645,33,1209.88,False
ORD003184,ACC00645,11,1276.39,False
ORD003185,ACC00645,12,2429.93,False
ORD003186,ACC00645,36,559.13,False
ORD003187,ACC00645,34,294.99,False
ORD003188,ACC00645,49,1333.69,False
ORD003189,ACC00646,49,1264.88,False
ORD003190,ACC00646,3,290.22,False
ORD003191,ACC00646,24,1869.82,False
ORD003192,ACC00646,49,558.66,False
ORD003193,ACC00646,34,282.4,False
ORD003194,ACC00646,1,439.49,False
ORD003195,ACC00647,50,615.79,False
ORD003196,ACC00647,36,883.15,False
ORD003197,ACC00647,42,1041.11,False
ORD003198,ACC00647,8,1318.77,False
ORD003199,ACC00647,4,1015.21,False
ORD003200,ACC00648,8,713.13,False
ORD003201,ACC00648,6,1527.47,False
ORD003202,ACC00648,19,435.58,False
ORD003203,ACC00648,29,514.54,False
ORD003204,ACC00648,56,165.3,True
ORD003205,ACC00648,49,2076.45,True
ORD003206,ACC00648,24,1008.84,False
ORD003207,ACC00648,35,1031.26,False
ORD003208,ACC00649,57,1382.94,True
ORD003209,ACC00649,52,2009.05,True
ORD003210,ACC00649,24,665.32,False
ORD003211,ACC00649,11,119.99,False
ORD003212,ACC00649,8,2004.47,False
ORD003213,ACC00650,51,522.79,True
ORD003214,ACC00650,18,493.82,False
ORD003215,ACC00650,34,1581.79,False
ORD003216,ACC00650,3,314.1,False
ORD003217,ACC00650,10,1829.09,False
ORD003218,ACC00651,53,1172.66,False
ORD003219,ACC00651,37,1514.57,False
ORD003220,ACC00651,8,214.93,False
ORD003221,ACC00651,51,586.67,True
ORD003222,ACC00651,1,511.39,True
ORD003223,ACC00651,1,222.65,False
ORD003224,ACC00652,27,484.34,False
ORD003225,ACC00652,20,665.57,False
ORD003226,ACC00653,25,213.25,False
ORD003227,ACC00653,17,139.87,False
ORD003228,ACC00653,34,1887.42,False
ORD003229,ACC00653,27,1070.99,False
ORD003230,ACC00653,25,1334.57,False
ORD003231,ACC00654,58,1255.75,False
ORD003232,ACC00654,43,664.42,False
ORD003233,ACC00654,34,175.95,False
ORD003234,ACC00654,8,2074.17,False
ORD003235,ACC00655,17,1834.61,False
ORD003236,ACC00656,44,657.82,True
ORD003237,ACC00656,31,1770.12,False
ORD003238,ACC00656,13,882.12,True
ORD003239,ACC00657,32,1688.76,False
ORD003240,ACC00657,58,748.75,False
ORD003241,ACC00657,15,719.49,False
ORD003242,ACC00657,25,201.27,False
ORD003243,ACC00657,41,362.57,False
ORD003244,ACC00657,4,328.67,False
ORD003245,ACC00658,40,1675.14,False
ORD003246,ACC00658,28,186.9,False
ORD003247,ACC00658,37,1547.62,False
ORD003248,ACC00658,27,1069.1,False
ORD003249,ACC00658,30,494.42,False
ORD003250,ACC00658,16,769.72,False
ORD003251,ACC00658,14,1228.6,True
ORD003252,ACC00658,50,465.66,False
ORD003253,ACC00659,53,114.59,False
ORD003254,ACC00659,6,403.36,False
ORD003255,ACC00659,48,461.12,False
ORD003256,ACC00659,14,895.04,False
ORD003257,ACC00659,30,106.45,False
ORD003258,ACC00659,45,747.62,False
ORD003259,ACC00660,59,310.02,False
ORD003260,ACC00660,49,488.85,False
ORD003261,ACC00660,53,820.74,False
ORD003262,ACC00660,24,2965.12,False
ORD003263,ACC00660,26,373.3,False
ORD003264,ACC00660,29,1511.01,False
ORD003265,ACC00660,12,135.74,False
ORD003266,ACC00660,32,158.82,True
ORD003267,ACC00661,49,490.15,False
ORD003268,ACC00661,19,635.81,False
ORD003269,ACC00661,14,209.61,False
ORD003270,ACC00661,49,438.68,False
ORD003271,ACC00661,0,1457.81,False
ORD003272,ACC00661,12,1770.7,False
ORD003273,ACC00662,8,612.13,False
ORD003274,ACC00662,39,442.06,False
ORD003275,ACC00663,46,249.91,False
ORD003276,ACC00663,12,1364.59,False
ORD003277,ACC00664,16,361.62,False
ORD003278,ACC00664,59,1811.99,False
ORD003279,ACC00664,19,624.97,False
ORD003280,ACC00664,13,273.9,False
ORD003281,ACC00664,38,146.81,False
ORD003282,ACC00664,35,1950.79,False
ORD003283,ACC00664,15,117.96,False
ORD003284,ACC00665,48,1541.19,False
ORD003285,ACC00665,11,1034.44,False
ORD003286,ACC00665,22,1019.13,False
ORD003287,ACC00665,59,181.53,False
ORD003288,ACC00665,23,1705.2,False
ORD003289,ACC00666,2,2003.01,False
ORD003290,ACC00666,57,2694.54,False
ORD003291,ACC00666,38,437.51,True
ORD003292,ACC00666,4,575.38,True
ORD003293,ACC00667,59,977.26,False
ORD003294,ACC00667,7,1455.38,False
ORD003295,ACC00667,57,707.59,False
ORD003296,ACC00667,59,231.01,False
ORD003297,ACC00667,56,1505.98,False
ORD003298,ACC00668,23,320.6,False
ORD003299,ACC00668,58,1170.19,False
ORD003300,ACC00668,56,1680.42,False
ORD003301,ACC00668,59,1701.41,False
ORD003302,ACC00669,30,334.7,False
ORD003303,ACC00669,14,1353.29,False
ORD003304,ACC00669,28,214.98,True
ORD003305,ACC00669,40,485.79,False
ORD003306,ACC00670,18,49.12,False
ORD003307,ACC00670,16,792.69,False
ORD003308,ACC00670,15,1652.69,False
ORD003309,ACC00670,13,747.2,False
ORD003310,ACC00671,9,189.52,False
ORD003311,ACC00671,32,506.19,False
ORD003312,ACC00671,27,674.43,False
ORD003313,ACC00671,51,967.55,False
ORD003314,ACC00671,28,475.12,False
ORD003315,ACC00671,23,726.46,False
ORD003316,ACC00672,5,306.35,False
ORD003317,ACC00672,46,824.92,False
ORD003318,ACC00672,5,242.39,False
ORD003319,ACC00673,34,834.01,False
ORD003320,ACC00673,35,1244.32,False
ORD003321,ACC00673,59,2557.32,False
ORD003322,ACC00673,9,608.35,False
ORD003323,ACC00673,52,202.63,False
ORD003324,ACC00673,52,709.92,False
ORD003325,ACC00673,56,751.26,False
ORD003326,ACC00674,40,287.51,False
ORD003327,ACC00674,36,592.52,False
ORD003328,ACC00674,12,696.5,False
ORD003329,ACC00674,5,98.46,False
ORD003330,ACC00674,5,766.93,True
ORD003331,ACC00674,7,1129.02,False
ORD003332,ACC00674,13,619.74,False
ORD003333,ACC00675,58,1768.33,False
ORD003334,ACC00675,22,1269.17,False
ORD003335,ACC00675,55,1413.03,False
ORD003336,ACC00675,42,325.75,False
ORD003337,ACC00675,48,1493.4,False
ORD003338,ACC00675,28,356.64,True
ORD003339,ACC00676,7,470.21,False
ORD003340,ACC00676,33,1924.41,True
ORD003341,ACC00676,46,701.7,False
ORD003342,ACC00676,50,505.82,False
ORD003343,ACC00676,22,299.72,True
ORD003344,ACC00676,6,489.88,False
ORD003345,ACC00677,57,552.81,False
ORD003346,ACC00677,49,1365.29,False
ORD003347,ACC00678,57,400.12,False
ORD003348,ACC00678,19,1304.03,False
ORD003349,ACC00678,53,685.95,False
ORD003350,ACC00678,36,382.85,False
ORD003351,ACC00678,30,427.56,False
ORD003352,ACC00679,27,385.66,False
ORD003353,ACC00679,12,246.67,True
ORD003354,ACC00679,13,510.49,False
ORD003355,ACC00679,43,475.03,True
ORD003356,ACC00679,53,328.08,False
ORD003357,ACC00679,10,227.21,False
ORD003358,ACC00679,33,1011.19,True
ORD003359,ACC00679,54,1084.25,False
ORD003360,ACC00680,3,677.05,False
ORD003361,ACC00680,7,537.29,False
ORD003362,ACC00680,43,2432.56,False
ORD003363,ACC00680,35,1192.33,False
ORD003364,ACC00681,7,782.01,False
ORD003365,ACC00681,7,998.35,False
ORD003366,ACC00681,1,1334.55,False
ORD003367,ACC00681,13,231.76,False
ORD003368,ACC00681,16,1186.21,False
ORD003369,ACC00682,56,945.98,False
ORD003370,ACC00682,2,4159.45,False
ORD003371,ACC00682,0,932.44,False
ORD003372,ACC00682,29,1125.82,False
ORD003373,ACC00682,48,1809.24,False
ORD003374,ACC00682,46,853.79,False
ORD003375,ACC00682,1,414.76,False
ORD003376,ACC00683,51,61.89,False
ORD003377,ACC00683,12,1122.08,False
ORD003378,ACC00683,44,432.72,False
ORD003379,ACC00683,19,805.55,False
ORD003380,ACC00683,45,1104.01,False
ORD003381,ACC00683,31,1842.41,False
ORD003382,ACC00683,19,300.44,False
ORD003383,ACC00684,57,1593.84,False
ORD003384,ACC00685,11,517.98,False
ORD003385,ACC00685,53,744.32,False
ORD003386,ACC00685,21,1043.37,True
ORD003387,ACC00685,3,1359.85,False
ORD003388,ACC00685,21,622.04,True
ORD003389,ACC00686,58,399.84,False
ORD003390,ACC00686,7,1141.34,False
ORD003391,ACC00686,24,836.97,False
ORD003392,ACC00686,49,794.09,False
ORD003393,ACC00686,48,802.81,False
ORD003394,ACC00686,7,453.67,False
ORD003395,ACC00686,32,1273.7,False
ORD003396,ACC00686,40,248.48,False
ORD003397,ACC00686,41,1305.97,False
ORD003398,ACC00687,36,189.07,False
ORD003399,ACC00687,56,723.77,False
ORD003400,ACC00687,9,500.57,False
ORD003401,ACC00687,52,1674.11,False
ORD003402,ACC00687,33,529.03,False
ORD003403,ACC00687,46,2712.63,False
ORD003404,ACC00688,32,1766.67,False
ORD003405,ACC00688,4,608.13,False
ORD003406,ACC00688,13,1265.9,False
ORD003407,ACC00689,14,1052.41,False
ORD003408,ACC00689,0,683.19,False
ORD003409,ACC00689,38,409.6,False
ORD003410,ACC00689,36,681.24,False
ORD003411,ACC00689,38,1670.81,False
ORD003412,ACC00690,18,1124.42,False
ORD003413,ACC00690,14,1022.0,False
ORD003414,ACC00691,59,285.46,False
ORD003415,ACC00691,2,613.54,False
ORD003416,ACC00691,35,2058.85,True
ORD003417,ACC00691,8,583.76,False
ORD003418,ACC00691,1,546.71,False
ORD003419,ACC00691,38,2103.82,False
ORD003420,ACC00692,56,326.22,False
ORD003421,ACC00692,4,1184.34,False
ORD003422,ACC00692,48,1544.66,False
ORD003423,ACC00692,20,1837.26,False
ORD003424,ACC00692,39,456.79,False
ORD003425,ACC00692,56,1151.61,False
ORD003426,ACC00693,49,778.78,False
ORD003427,ACC00693,51,1061.61,True
ORD003428,ACC00693,8,402.35,False
ORD003429,ACC00693,34,663.72,False
ORD003430,ACC00693,43,625.29,True
ORD003431,ACC00693,15,165.2,False
ORD003432,ACC00693,56,1757.36,False
ORD003433,ACC00693,53,977.46,False
ORD003434,ACC00693,10,325.82,False
ORD003435,ACC00694,0,59.03,False
ORD003436,ACC00694,19,1093.94,False
ORD003437,ACC00695,19,1514.39,False
ORD003438,ACC00695,16,858.54,False
ORD003439,ACC00695,14,321.88,False
ORD003440,ACC00696,34,330.32,False
ORD003441,ACC00696,22,891.5,False
ORD003442,ACC00696,38,985.9,False
ORD003443,ACC00696,30,68.24,False
ORD003444,ACC00696,38,904.43,False
ORD003445,ACC00696,35,245.28,False
ORD003446,ACC00696,12,1275.97,False
ORD003447,ACC00697,41,1563.58,False
ORD003448,ACC00697,0,105.34,False
ORD003449,ACC00697,50,909.84,False
ORD003450,ACC00697,1,576.48,False
ORD003451,ACC00698,30,1163.89,False
ORD003452,ACC00698,48,277.0,False
ORD003453,ACC00698,25,2502.57,False
ORD003454,ACC00698,46,788.83,False
ORD003455,ACC00698,14,95.97,False
ORD003456,ACC00698,27,216.81,False
ORD003457,ACC00698,49,485.98,False
ORD003458,ACC00698,14,730.28,False
ORD003459,ACC00699,37,485.02,True
ORD003460,ACC00699,54,978.47,False
ORD003461,ACC00699,21,657.39,False
ORD003462,ACC00699,41,953.63,False
ORD003463,ACC00700,30,731.89,False
ORD003464,ACC00700,35,149.58,False
ORD003465,ACC00700,43,1637.31,False
ORD003466,ACC00700,34,1594.95,False
ORD003467,ACC00700,11,566.48,False
ORD003468,ACC00700,56,85.59,False
ORD003469,ACC00701,44,3358.34,False
ORD003470,ACC00701,51,411.17,True
ORD003471,ACC00701,15,341.34,True
ORD003472,ACC00701,39,718.42,False
ORD003473,ACC00701,27,463.56,True
ORD003474,ACC00701,49,488.18,False
ORD003475,ACC00701,29,1713.28,False
ORD003476,ACC00702,29,2208.13,False
ORD003477,ACC00702,24,818.74,False
ORD003478,ACC00702,7,1013.75,False
ORD003479,ACC00702,43,333.01,False
ORD003480,ACC00702,6,394.78,False
ORD003481,ACC00702,42,125.87,False
ORD003482,ACC00702,45,421.95,False
ORD003483,ACC00703,29,377.87,False
ORD003484,ACC00703,33,282.24,False
ORD003485,ACC00703,8,2108.44,False
ORD003486,ACC00703,17,1779.83,False
ORD003487,ACC00703,14,3726.51,False
ORD003488,ACC00704,50,1169.02,False
ORD003489,ACC00704,11,1656.57,False
ORD003490,ACC00704,54,675.68,False
ORD003491,ACC00704,30,900.48,False
ORD003492,ACC00704,27,1762.67,False
ORD003493,ACC00704,14,94.42,False
ORD003494,ACC00704,0,604.95,False
ORD003495,ACC00704,41,261.26,False
ORD003496,ACC00704,43,627.84,False
ORD003497,ACC00704,50,1963.03,False
ORD003498,ACC00705,59,1039.45,False
ORD003499,ACC00705,37,574.14,False
ORD003500,ACC00705,26,128.45,False
ORD003501,ACC00705,9,751.43,False
ORD003502,ACC00706,32,1065.29,True
ORD003503,ACC00706,55,589.93,False
ORD003504,ACC00706,39,2737.08,False
ORD003505,ACC00706,34,1025.1,False
ORD003506,ACC00707,4,2250.5,False
ORD003507,ACC00707,25,656.09,False
ORD003508,ACC00708,44,66.28,False
ORD003509,ACC00708,54,852.62,False
ORD003510,ACC00708,29,1833.51,False
ORD003511,ACC00708,40,1293.7,False
ORD003512,ACC00708,12,291.61,False
ORD003513,ACC00709,26,432.78,False
ORD003514,ACC00709,36,247.27,False
ORD003515,ACC00709,23,953.36,False
ORD003516,ACC00709,43,222.26,False
ORD003517,ACC00710,23,708.83,False
ORD003518,ACC00711,32,481.11,False
ORD003519,ACC00712,7,519.73,False
ORD003520,ACC00712,45,364.33,False
ORD003521,ACC00712,9,71.17,False
ORD003522,ACC00712,51,900.77,False
ORD003523,ACC00713,1,504.55,False
ORD003524,ACC00713,48,699.88,False
ORD003525,ACC00713,57,289.82,False
ORD003526,ACC00713,28,243.2,False
ORD003527,ACC00714,36,1658.04,True
ORD003528,ACC00714,53,2227.07,False
ORD003529,ACC00714,1,1517.09,False
ORD003530,ACC00715,4,781.98,False
ORD003531,ACC00715,30,1855.54,False
ORD003532,ACC00715,10,365.82,False
ORD003533,ACC00715,9,130.22,False
ORD003534,ACC00716,1,1930.68,False
ORD003535,ACC00716,51,937.1,False
ORD003536,ACC00716,1,274.96,False
ORD003537,ACC00716,29,1982.21,False
ORD003538,ACC00716,39,135.54,False
ORD003539,ACC00716,24,537.28,False
ORD003540,ACC00717,19,1453.38,False
ORD003541,ACC00717,49,1829.5,False
ORD003542,ACC00717,48,729.6,True
ORD003543,ACC00717,0,494.05,False
ORD003544,ACC00718,45,109.64,True
ORD003545,ACC00718,9,250.09,False
ORD003546,ACC00718,47,1180.38,False
ORD003547,ACC00719,15,1280.32,False
ORD003548,ACC00719,15,999.45,False
ORD003549,ACC00719,9,1021.24,False
ORD003550,ACC00719,29,54.75,False
ORD003551,ACC00719,22,1347.59,False
ORD003552,ACC00720,40,1021.82,True
ORD003553,ACC00720,10,519.69,False
ORD003554,ACC00720,8,1874.27,False
ORD003555,ACC00720,55,482.15,False
ORD003556,ACC00720,13,1124.95,True
ORD003557,ACC00720,58,1750.44,False
ORD003558,ACC00720,20,2046.78,False
ORD003559,ACC00721,16,398.02,True
ORD003560,ACC00721,29,719.59,False
ORD003561,ACC00721,51,391.79,False
ORD003562,ACC00721,51,800.71,True
ORD003563,ACC00722,46,572.12,False
ORD003564,ACC00722,44,1618.89,False
ORD003565,ACC00722,29,464.66,False
ORD003566,ACC00722,42,601.74,False
ORD003567,ACC00722,15,118.94,False
ORD003568,ACC00722,52,1393.22,False
ORD003569,ACC00722,50,2866.02,False
ORD003570,ACC00723,25,838.53,False
ORD003571,ACC00723,49,468.76,False
ORD003572,ACC00723,7,708.05,False
ORD003573,ACC00723,9,1325.81,False
ORD003574,ACC00723,47,863.5,False
ORD003575,ACC00723,58,609.67,False
ORD003576,ACC00723,25,548.42,False
ORD003577,ACC00724,51,1864.57,False
ORD003578,ACC00724,29,1392.2,False
ORD003579,ACC00724,47,1525.61,False
ORD003580,ACC00724,6,441.46,False
ORD003581,ACC00725,14,441.41,False
ORD003582,ACC00725,6,1386.37,False
ORD003583,ACC00725,2,1174.86,False
ORD003584,ACC00726,6,249.74,False
ORD003585,ACC00726,2,995.76,False
ORD003586,ACC00726,37,303.17,False
ORD003587,ACC00726,45,393.93,False
ORD003588,ACC00726,13,253.24,False
ORD003589,ACC00726,14,859.42,False
ORD003590,ACC00726,32,1008.55,True
ORD003591,ACC00727,7,915.02,False
ORD003592,ACC00727,59,1264.07,False
ORD003593,ACC00727,33,805.78,False
ORD003594,ACC00727,55,1052.06,False
ORD003595,ACC00727,18,544.29,False
ORD003596,ACC00727,29,1585.18,False
ORD003597,ACC00728,55,451.61,False
ORD003598,ACC00728,11,565.96,False
ORD003599,ACC00728,54,480.41,False
ORD003600,ACC00728,43,895.76,False
ORD003601,ACC00728,32,949.48,False
ORD003602,ACC00729,37,817.61,True
ORD003603,ACC00729,55,747.11,False
ORD003604,ACC00730,53,330.48,False
ORD003605,ACC00730,18,249.15,False
ORD003606,ACC00730,9,523.74,False
ORD003607,ACC00730,15,1438.21,False
ORD003608,ACC00730,52,1626.4,False
ORD003609,ACC00730,10,971.83,True
ORD003610,ACC00730,41,241.08,False
ORD003611,ACC00730,24,613.18,False
ORD003612,ACC00731,59,1422.31,False
ORD003613,ACC00731,15,2062.36,False
ORD003614,ACC00731,28,3911.17,False
ORD003615,ACC00731,26,250.86,False
ORD003616,ACC00731,17,1396.94,False
ORD003617,ACC00731,27,1159.42,False
ORD003618,ACC00731,10,2074.64,False
ORD003619,ACC00731,40,526.29,False
ORD003620,ACC00731,9,636.46,False
ORD003621,ACC00732,34,399.05,False
ORD003622,ACC00732,23,783.25,False
ORD003623,ACC00732,51,1803.4,False
ORD003624,ACC00732,14,614.09,False
ORD003625,ACC00732,30,221.15,False
ORD003626,ACC00732,49,280.96,False
ORD003627,ACC00732,48,313.62,False
ORD003628,ACC00732,23,96.73,False
ORD003629,ACC00733,42,215.28,False
ORD003630,ACC00733,38,473.11,False
ORD003631,ACC00733,31,537.05,False
ORD003632,ACC00733,34,1049.65,False
ORD003633,ACC00734,47,131.51,True
ORD003634,ACC00734,54,1316.89,True
ORD003635,ACC00734,20,350.13,True
ORD003636,ACC00734,16,483.55,False
ORD003637,ACC00734,40,574.03,True
ORD003638,ACC00734,56,141.14,False
ORD003639,ACC00734,56,464.02,False
ORD003640,ACC00734,23,749.46,False
ORD003641,ACC00734,39,573.02,False
ORD003642,ACC00735,32,102.49,True
ORD003643,ACC00735,46,1379.85,False
ORD003644,ACC00735,33,959.62,False
ORD003645,ACC00735,42,2026.78,False
ORD003646,ACC00735,14,1848.05,False
ORD003647,ACC00736,30,566.42,False
ORD003648,ACC00736,18,1548.4,False
ORD003649,ACC00736,3,325.72,False
ORD003650,ACC00736,11,1939.54,False
ORD003651,ACC00736,29,146.4,False
ORD003652,ACC00736,53,1193.53,True
ORD003653,ACC00736,55,547.64,False
ORD003654,ACC00737,41,245.12,False
ORD003655,ACC00737,23,1198.17,False
ORD003656,ACC00737,11,267.14,False
ORD003657,ACC00737,7,1327.46,False
ORD003658,ACC00737,10,992.66,False
ORD003659,ACC00737,26,2014.35,False
ORD003660,ACC00738,39,1168.41,True
ORD003661,ACC00738,36,205.34,False
ORD003662,ACC00738,13,591.19,False
ORD003663,ACC00738,20,2103.8,False
ORD003664,ACC00738,13,2549.82,False
ORD003665,ACC00738,44,810.73,False
ORD003666,ACC00739,30,1008.86,False
ORD003667,ACC00739,21,187.84,False
ORD003668,ACC00739,6,629.17,True
ORD003669,ACC00739,40,2145.77,False
ORD003670,ACC00739,32,2045.47,False
ORD003671,ACC00740,48,756.38,False
ORD003672,ACC00740,36,504.78,False
ORD003673,ACC00740,34,212.13,False
ORD003674,ACC00741,16,582.65,False
ORD003675,ACC00741,13,1263.72,False
ORD003676,ACC00741,39,100.97,False
ORD003677,ACC00741,30,1537.1,False
ORD003678,ACC00742,8,1411.73,False
ORD003679,ACC00742,41,1609.65,False
ORD003680,ACC00742,47,1090.45,False
ORD003681,ACC00742,40,1919.85,False
ORD003682,ACC00742,51,422.53,False
ORD003683,ACC00742,39,1511.45,False
ORD003684,ACC00742,22,1122.99,False
ORD003685,ACC00742,3,873.94,False
ORD003686,ACC00742,1,63.27,False
ORD003687,ACC00742,57,2254.33,False
ORD003688,ACC00743,30,1781.61,False
ORD003689,ACC00743,36,230.73,False
ORD003690,ACC00744,42,601.07,False
ORD003691,ACC00744,45,868.61,False
ORD003692,ACC00744,22,2143.12,False
ORD003693,ACC00745,21,984.28,False
ORD003694,ACC00745,59,478.9,True
ORD003695,ACC00745,19,311.4,True
ORD003696,ACC00745,2,410.0,True
ORD003697,ACC00746,45,1960.76,False
ORD003698,ACC00746,54,1024.6,False
ORD003699,ACC00746,38,746.29,False
ORD003700,ACC00746,12,844.96,False
ORD003701,ACC00746,53,496.59,False
ORD003702,ACC00746,37,615.12,False
ORD003703,ACC00747,25,379.63,False
ORD003704,ACC00747,57,426.81,False
ORD003705,ACC00747,34,918.84,False
ORD003706,ACC00748,0,117.68,False
ORD003707,ACC00748,54,505.27,False
ORD003708,ACC00748,57,830.43,False
ORD003709,ACC00748,46,1789.44,False
ORD003710,ACC00749,45,765.19,True
ORD003711,ACC00749,39,1405.77,False
ORD003712,ACC00750,32,438.84,True
ORD003713,ACC00750,52,256.71,False
ORD003714,ACC00750,26,161.99,False
ORD003715,ACC00750,51,1200.38,False
ORD003716,ACC00750,43,1266.8,True
ORD003717,ACC00751,42,1329.83,True
ORD003718,ACC00751,4,1155.88,False
ORD003719,ACC00751,18,791.68,False
ORD003720,ACC00751,56,462.76,False
ORD003721,ACC00751,25,2760.23,False
ORD003722,ACC00751,55,944.69,False
ORD003723,ACC00751,6,805.71,True
ORD003724,ACC00752,2,267.89,False
ORD003725,ACC00752,33,589.95,False
ORD003726,ACC00752,21,229.27,False
ORD003727,ACC00753,12,1344.08,False
ORD003728,ACC00753,0,1204.38,False
ORD003729,ACC00753,47,518.5,False
ORD003730,ACC00754,47,1119.17,False
ORD003731,ACC00754,3,1012.0,False
ORD003732,ACC00754,57,591.14,False
ORD003733,ACC00755,23,581.63,False
ORD003734,ACC00755,46,816.06,False
ORD003735,ACC00755,50,2224.1,False
ORD003736,ACC00755,18,478.29,False
ORD003737,ACC00756,8,398.36,False
ORD003738,ACC00756,36,488.36,False
ORD003739,ACC00757,2,772.75,False
ORD003740,ACC00757,40,607.79,False
ORD003741,ACC00758,20,159.75,False
ORD003742,ACC00758,2,834.64,False
ORD003743,ACC00759,23,1057.78,False
ORD003744,ACC00759,46,487.75,True
ORD003745,ACC00759,22,2817.13,False
ORD003746,ACC00759,28,3065.55,False
ORD003747,ACC00759,30,220.78,True
ORD003748,ACC00760,6,302.02,False
ORD003749,ACC00760,49,1966.6,False
ORD003750,ACC00760,35,199.99,False
ORD003751,ACC00760,52,511.25,False
ORD003752,ACC00760,29,279.62,True
ORD003753,ACC00761,35,847.95,False
ORD003754,ACC00761,48,893.52,False
ORD003755,ACC00761,55,349.72,False
ORD003756,ACC00761,8,549.38,False
ORD003757,ACC00762,54,572.56,False
ORD003758,ACC00762,3,276.55,False
ORD003759,ACC00762,36,836.16,False
ORD003760,ACC00762,30,946.96,True
ORD003761,ACC00762,5,1075.34,False
ORD003762,ACC00763,53,293.5,False
ORD003763,ACC00763,25,877.18,False
ORD003764,ACC00763,27,229.75,False
ORD003765,ACC00763,31,750.54,False
ORD003766,ACC00763,53,31.93,False
ORD003767,ACC00764,17,265.13,False
ORD003768,ACC00764,19,805.61,False
ORD003769,ACC00764,27,1065.17,False
ORD003770,ACC00764,17,2030.09,False
ORD003771,ACC00764,20,269.8,False
ORD003772,ACC00764,41,207.67,False
ORD003773,ACC00764,19,433.63,False
ORD003774,ACC00765,6,2053.46,False
ORD003775,ACC00765,54,916.65,False
ORD003776,ACC00765,44,107.65,False
ORD003777,ACC00765,18,591.47,False
ORD003778,ACC00765,26,198.54,True
ORD003779,ACC00765,7,716.72,False
ORD003780,ACC00765,21,28.6,False
ORD003781,ACC00765,40,84.1,False
ORD003782,ACC00766,7,1848.47,False
ORD003783,ACC00766,12,433.39,False
ORD003784,ACC00766,37,746.96,False
ORD003785,ACC00766,2,1116.01,False
ORD003786,ACC00766,4,984.86,False
ORD003787,ACC00767,59,377.73,True
ORD003788,ACC00767,5,2036.34,False
ORD003789,ACC00767,7,244.2,False
ORD003790,ACC00767,15,1283.95,False
ORD003791,ACC00767,15,270.91,False
ORD003792,ACC00767,6,331.59,False
ORD003793,ACC00768,22,212.87,False
ORD003794,ACC00768,51,240.58,True
ORD003795,ACC00768,47,1486.5,False
ORD003796,ACC00768,56,859.68,False
ORD003797,ACC00768,32,898.95,False
ORD003798,ACC00768,3,1670.42,False
ORD003799,ACC00768,16,615.91,False
ORD003800,ACC00768,8,1649.73,False
ORD003801,ACC00769,14,316.38,False
ORD003802,ACC00769,23,548.51,False
ORD003803,ACC00769,16,2365.04,False
ORD003804,ACC00770,15,342.35,False
ORD003805,ACC00770,39,638.7,False
ORD003806,ACC00770,34,242.62,False
ORD003807,ACC00770,30,1304.33,False
ORD003808,ACC00770,49,882.87,False
ORD003809,ACC00770,4,219.9,False
ORD003810,ACC00770,47,311.17,False
ORD003811,ACC00771,28,129.18,False
ORD003812,ACC00771,51,657.04,False
ORD003813,ACC00771,0,1143.11,False
ORD003814,ACC00771,49,423.51,False
ORD003815,ACC00771,14,459.86,False
ORD003816,ACC00771,21,382.95,False
ORD003817,ACC00771,9,250.31,False
ORD003818,ACC00772,49,1043.53,False
ORD003819,ACC00772,23,127.33,True
ORD003820,ACC00772,10,630.04,True
ORD003821,ACC00772,31,1000.52,True
ORD003822,ACC00772,11,511.58,False
ORD003823,ACC00772,23,416.61,True
ORD003824,ACC00772,38,892.57,False
ORD003825,ACC00772,19,919.81,False
ORD003826,ACC00772,49,456.1,True
ORD003827,ACC00773,15,1043.56,False
ORD003828,ACC00773,59,644.19,False
ORD003829,ACC00773,55,1239.92,False
ORD003830,ACC00773,34,1867.83,False
ORD003831,ACC00773,52,242.5,False
ORD003832,ACC00773,0,614.86,False
ORD003833,ACC00774,24,1185.78,False
ORD003834,ACC00774,46,797.81,True
ORD003835,ACC00774,2,1067.63,False
ORD003836,ACC00774,14,1280.89,False
ORD003837,ACC00774,53,1066.06,True
ORD003838,ACC00774,56,944.8,False
ORD003839,ACC00775,0,346.37,False
ORD003840,ACC00775,32,1759.94,False
ORD003841,ACC00775,16,650.12,False
ORD003842,ACC00775,24,293.6,False
ORD003843,ACC00775,47,1708.68,False
ORD003844,ACC00776,42,321.46,False
ORD003845,ACC00776,8,592.54,False
ORD003846,ACC00776,17,1164.09,False
ORD003847,ACC00776,12,321.19,False
ORD003848,ACC00777,46,1858.37,False
ORD003849,ACC00777,33,2141.41,False
ORD003850,ACC00778,44,1405.38,True
ORD003851,ACC00778,49,529.19,False
ORD003852,ACC00778,53,3107.1,False
ORD003853,ACC00778,15,900.91,False
ORD003854,ACC00779,29,497.41,False
ORD003855,ACC00779,31,805.93,False
ORD003856,ACC00779,22,741.64,False
ORD003857,ACC00779,7,806.21,False
ORD003858,ACC00779,1,425.33,False
ORD003859,ACC00779,22,597.2,False
ORD003860,ACC00780,20,1212.35,False
ORD003861,ACC00780,8,643.89,False
ORD003862,ACC00780,4,623.95,False
ORD003863,ACC00780,28,285.44,True
ORD003864,ACC00781,5,590.83,False
ORD003865,ACC00781,58,1610.09,False
ORD003866,ACC00781,46,368.87,False
ORD003867,ACC00781,2,1305.5,False
ORD003868,ACC00781,32,1014.16,False
ORD003869,ACC00781,18,708.59,False
ORD003870,ACC00782,4,186.46,False
ORD003871,ACC00782,14,353.44,False
ORD003872,ACC00782,19,205.42,False
ORD003873,ACC00782,1,682.89,False
ORD003874,ACC00783,41,1536.85,False
ORD003875,ACC00783,19,1216.88,True
ORD003876,ACC00783,37,463.05,False
ORD003877,ACC00783,56,1473.24,False
ORD003878,ACC00783,25,179.52,False
ORD003879,ACC00783,50,676.6,False
ORD003880,ACC00783,28,600.97,False
ORD003881,ACC00784,8,709.9,False
ORD003882,ACC00784,55,659.35,False
ORD003883,ACC00784,56,1719.52,False
ORD003884,ACC00784,31,1623.67,False
ORD003885,ACC00785,51,795.79,False
ORD003886,ACC00785,6,558.19,False
ORD003887,ACC00785,1,1040.64,False
ORD003888,ACC00785,43,940.68,False
ORD003889,ACC00785,43,1372.12,False
ORD003890,ACC00786,52,1871.37,False
ORD003891,ACC00786,36,1305.71,False
ORD003892,ACC00787,39,4117.67,False
ORD003893,ACC00787,52,1779.07,False
ORD003894,ACC00787,9,528.89,False
ORD003895,ACC00788,33,1321.18,False
ORD003896,ACC00788,28,1581.36,False
ORD003897,ACC00788,36,947.3,False
ORD003898,ACC00788,50,506.99,False
ORD003899,ACC00788,15,1137.38,False
ORD003900,ACC00788,41,805.74,False
ORD003901,ACC00789,51,723.94,False
ORD003902,ACC00789,59,123.63,False
ORD003903,ACC00789,41,910.53,False
ORD003904,ACC00789,4,276.87,False
ORD003905,ACC00789,44,1085.32,False
ORD003906,ACC00790,3,640.93,False
ORD003907,ACC00790,22,577.83,False
ORD003908,ACC00790,28,1929.13,False
ORD003909,ACC00790,3,828.0,False
ORD003910,ACC00790,19,571.1,False
ORD003911,ACC00790,46,1590.91,False
ORD003912,ACC00791,24,527.6,False
ORD003913,ACC00791,23,497.93,False
ORD003914,ACC00791,7,441.72,True
ORD003915,ACC00791,47,2359.58,False
ORD003916,ACC00791,51,2011.74,False
ORD003917,ACC00792,1,2249.36,False
ORD003918,ACC00792,34,296.44,False
ORD003919,ACC00792,13,245.41,False
ORD003920,ACC00792,27,1201.39,False
ORD003921,ACC00792,28,424.7,False
ORD003922,ACC00793,40,2586.4,False
ORD003923,ACC00793,34,1570.77,False
ORD003924,ACC00793,2,56.44,False
ORD003925,ACC00793,21,436.1,False
ORD003926,ACC00793,26,686.48,False
ORD003927,ACC00793,48,919.03,True
ORD003928,ACC00793,6,613.91,False
ORD003929,ACC00794,56,234.99,False
ORD003930,ACC00794,8,813.2,False
ORD003931,ACC00794,4,886.04,False
ORD003932,ACC00794,39,142.3,False
ORD003933,ACC00794,16,230.06,False
ORD003934,ACC00795,24,965.42,False
ORD003935,ACC00795,37,485.46,False
ORD003936,ACC00795,56,1516.1,False
ORD003937,ACC00795,45,1315.88,False
ORD003938,ACC00796,45,887.05,False
ORD003939,ACC00796,4,340.34,False
ORD003940,ACC00796,13,1325.25,False
ORD003941,ACC00796,21,857.41,False
ORD003942,ACC00796,12,1428.74,False
ORD003943,ACC00797,7,2354.28,False
ORD003944,ACC00797,35,280.52,False
ORD003945,ACC00797,24,1269.22,False
ORD003946,ACC00797,55,1311.42,False
ORD003947,ACC00797,45,1562.26,False
ORD003948,ACC00797,56,600.39,False
ORD003949,ACC00797,18,1419.98,False
ORD003950,ACC00797,39,760.18,False
ORD003951,ACC00798,37,388.35,False
ORD003952,ACC00798,4,423.61,False
ORD003953,ACC00798,9,94.92,False
ORD003954,ACC00798,34,1216.84,False
ORD003955,ACC00798,59,567.09,False
ORD003956,ACC00798,10,209.06,False
ORD003957,ACC00799,4,472.42,False
ORD003958,ACC00799,14,756.02,False
ORD003959,ACC00799,34,877.32,True
ORD003960,ACC00799,28,1828.41,False
ORD003961,ACC00799,54,920.93,True
ORD003962,ACC00800,34,784.3,False
ORD003963,ACC00800,26,491.81,False
ORD003964,ACC00800,28,1261.71,False
ORD003965,ACC00800,47,1498.87,False
ORD003966,ACC00800,41,2660.54,False
ORD003967,ACC00800,38,1454.94,False
ORD003968,ACC00801,39,1472.16,False
ORD003969,ACC00801,50,2578.09,False
ORD003970,ACC00801,17,686.87,False
ORD003971,ACC00801,7,476.51,False
ORD003972,ACC00801,48,1433.99,False
ORD003973,ACC00802,43,1743.25,True
ORD003974,ACC00802,44,1663.75,False
ORD003975,ACC00803,54,2126.9,False
ORD003976,ACC00803,12,921.13,False
ORD003977,ACC00804,18,1327.88,False
ORD003978,ACC00804,47,451.39,False
ORD003979,ACC00805,24,1229.24,False
ORD003980,ACC00805,38,2089.45,False
ORD003981,ACC00805,7,600.61,False
ORD003982,ACC00805,5,1108.0,False
ORD003983,ACC00806,44,533.06,False
ORD003984,ACC00806,15,1014.72,False
ORD003985,ACC00806,37,351.5,False
ORD003986,ACC00806,9,193.03,True
ORD003987,ACC00806,11,723.08,False
ORD003988,ACC00807,37,1362.5,False
ORD003989,ACC00807,11,501.4,False
ORD003990,ACC00808,33,1519.35,False
ORD003991,ACC00808,12,154.18,False
ORD003992,ACC00808,40,1071.32,False
ORD003993,ACC00808,27,655.22,False
ORD003994,ACC00808,39,1362.1,False
ORD003995,ACC00808,2,831.47,False
ORD003996,ACC00809,42,1211.84,True
ORD003997,ACC00809,11,1346.51,False
ORD003998,ACC00809,26,758.37,False
ORD003999,ACC00809,31,73.18,False
ORD004000,ACC00810,56,1310.53,False
ORD004001,ACC00810,32,571.81,False
ORD004002,ACC00810,22,418.36,False
ORD004003,ACC00810,15,1883.79,False
ORD004004,ACC00810,8,455.94,False
ORD004005,ACC00810,30,96.58,False
ORD004006,ACC00810,30,360.31,False
ORD004007,ACC00811,57,384.14,False
ORD004008,ACC00811,0,1726.74,False
ORD004009,ACC00811,11,145.85,False
ORD004010,ACC00811,53,955.0,False
ORD004011,ACC00811,50,2347.25,False
ORD004012,ACC00812,17,1544.06,False
ORD004013,ACC00812,21,487.5,False
ORD004014,ACC00812,38,617.34,False
ORD004015,ACC00812,55,750.18,True
ORD004016,ACC00813,48,416.0,False
ORD004017,ACC00813,47,1184.49,False
ORD004018,ACC00813,6,772.86,True
ORD004019,ACC00813,31,406.68,False
ORD004020,ACC00813,54,1140.4,False
ORD004021,ACC00813,28,744.95,False
ORD004022,ACC00813,57,276.82,False
ORD004023,ACC00814,5,367.77,False
ORD004024,ACC00814,45,46.27,False
ORD004025,ACC00814,47,1290.5,True
ORD004026,ACC00814,26,1681.34,False
ORD004027,ACC00814,36,932.28,False
ORD004028,ACC00814,3,759.13,False
ORD004029,ACC00814,8,3624.84,False
ORD004030,ACC00814,20,1036.42,False
ORD004031,ACC00815,7,371.24,False
ORD004032,ACC00815,48,588.25,False
ORD004033,ACC00815,55,3738.55,False
ORD004034,ACC00815,9,1669.13,False
ORD004035,ACC00816,6,275.89,True
ORD004036,ACC00816,36,1365.07,False
ORD004037,ACC00816,56,1280.29,False
ORD004038,ACC00816,47,602.37,False
ORD004039,ACC00816,50,2537.92,False
ORD004040,ACC00817,41,502.11,False
ORD004041,ACC00817,24,588.85,False
ORD004042,ACC00817,13,525.06,False
ORD004043,ACC00817,36,570.98,False
ORD004044,ACC00817,15,1233.92,False
ORD004045,ACC00817,39,900.65,False
ORD004046,ACC00818,6,274.55,False
ORD004047,ACC00818,12,1265.28,False
ORD004048,ACC00818,56,161.1,False
ORD004049,ACC00818,37,855.77,False
ORD004050,ACC00818,5,847.04,False
ORD004051,ACC00818,42,1072.25,False
ORD004052,ACC00819,45,1481.25,False
ORD004053,ACC00819,0,1709.52,False
ORD004054,ACC00819,45,684.34,False
ORD004055,ACC00819,46,862.02,False
ORD004056,ACC00819,7,791.0,False
ORD004057,ACC00819,57,683.73,False
ORD004058,ACC00819,43,595.65,False
ORD004059,ACC00820,42,278.03,False
ORD004060,ACC00820,2,173.56,True
ORD004061,ACC00820,47,884.4,True
ORD004062,ACC00820,17,478.48,False
ORD004063,ACC00820,51,766.72,False
ORD004064,ACC00820,46,1651.87,False
ORD004065,ACC00820,54,616.47,True
ORD004066,ACC00821,7,943.94,False
ORD004067,ACC00821,30,273.29,True
ORD004068,ACC00821,7,1570.88,False
ORD004069,ACC00821,32,2064.3,False
ORD004070,ACC00821,27,402.26,False
ORD004071,ACC00821,53,761.37,False
ORD004072,ACC00822,0,899.41,False
ORD004073,ACC00822,40,438.23,False
ORD004074,ACC00822,56,374.54,False
ORD004075,ACC00822,3,423.1,False
ORD004076,ACC00823,47,791.51,False
ORD004077,ACC00823,1,2653.81,False
ORD004078,ACC00823,52,964.02,False
ORD004079,ACC00824,47,488.67,False
ORD004080,ACC00824,25,2724.95,False
ORD004081,ACC00824,18,370.02,False
ORD004082,ACC00824,39,239.95,False
ORD004083,ACC00824,55,967.42,False
ORD004084,ACC00825,8,2211.66,False
ORD004085,ACC00825,31,1140.79,False
ORD004086,ACC00825,30,609.52,False
ORD004087,ACC00825,43,366.47,False
ORD004088,ACC00826,22,391.97,False
ORD004089,ACC00826,24,468.83,False
ORD004090,ACC00826,4,438.61,False
ORD004091,ACC00826,7,839.51,False
ORD004092,ACC00826,22,2011.17,False
ORD004093,ACC00827,5,1192.69,False
ORD004094,ACC00827,27,748.46,False
ORD004095,ACC00827,37,358.59,False
ORD004096,ACC00827,37,2049.28,True
ORD004097,ACC00827,10,312.07,False
ORD004098,ACC00827,6,593.72,False
ORD004099,ACC00827,45,392.08,False
ORD004100,ACC00827,31,429.37,False
ORD004101,ACC00827,54,235.94,False
ORD004102,ACC00828,16,633.6,False
ORD004103,ACC00828,21,829.49,False
ORD004104,ACC00828,1,767.45,True
ORD004105,ACC00828,45,2003.26,False
ORD004106,ACC00828,42,831.33,False
ORD004107,ACC00829,50,646.42,False
ORD004108,ACC00829,30,738.89,False
ORD004109,ACC00829,20,639.33,False
ORD004110,ACC00829,39,422.04,False
ORD004111,ACC00829,25,953.19,False
ORD004112,ACC00829,8,1190.4,False
ORD004113,ACC00830,30,52.01,False
ORD004114,ACC00830,19,420.31,False
ORD004115,ACC00830,5,212.7,False
ORD004116,ACC00830,26,1756.72,False
ORD004117,ACC00830,22,226.31,False
ORD004118,ACC00831,11,1096.13,True
ORD004119,ACC00831,20,370.25,True
ORD004120,ACC00831,34,2208.37,False
ORD004121,ACC00831,10,915.44,False
ORD004122,ACC00831,31,265.93,True
ORD004123,ACC00831,46,864.27,False
ORD004124,ACC00831,8,677.59,False
ORD004125,ACC00831,0,739.89,False
ORD004126,ACC00832,1,680.54,False
ORD004127,ACC00832,12,691.24,False
ORD004128,ACC00832,10,546.81,False
ORD004129,ACC00833,33,983.91,False
ORD004130,ACC00833,57,1460.12,False
ORD004131,ACC00833,42,630.84,False
ORD004132,ACC00834,55,1106.44,False
ORD004133,ACC00834,13,4022.69,False
ORD004134,ACC00834,57,427.3,True
ORD004135,ACC00835,12,205.27,False
ORD004136,ACC00835,38,919.37,False
ORD004137,ACC00835,29,168.85,False
ORD004138,ACC00836,17,1222.43,False
ORD004139,ACC00836,53,1648.22,False
ORD004140,ACC00836,0,959.2,False
ORD004141,ACC00837,31,514.69,False
ORD004142,ACC00837,40,990.23,False
ORD004143,ACC00837,22,1366.18,False
ORD004144,ACC00837,30,2121.44,False
ORD004145,ACC00837,4,371.27,False
ORD004146,ACC00837,29,211.9,False
ORD004147,ACC00838,22,804.95,True
ORD004148,ACC00838,3,697.25,False
ORD004149,ACC00838,27,1388.38,False
ORD004150,ACC00838,3,2239.13,False
ORD004151,ACC00838,35,481.83,True
ORD004152,ACC00838,12,860.71,False
ORD004153,ACC00839,36,1337.44,True
ORD004154,ACC00839,35,626.42,False
ORD004155,ACC00839,50,1948.23,True
ORD004156,ACC00839,50,677.44,False
ORD004157,ACC00839,11,1004.09,False
ORD004158,ACC00839,12,183.95,False
ORD004159,ACC00840,32,1553.86,False
ORD004160,ACC00840,59,368.61,False
ORD004161,ACC00840,30,204.11,True
ORD004162,ACC00840,48,927.41,False
ORD004163,ACC00840,32,1283.4,False
ORD004164,ACC00841,15,961.61,False
ORD004165,ACC00841,49,486.89,False
ORD004166,ACC00841,50,940.22,False
ORD004167,ACC00842,27,842.88,False
ORD004168,ACC00842,47,623.81,False
ORD004169,ACC00842,26,1030.56,False
ORD004170,ACC00842,14,344.76,False
ORD004171,ACC00842,42,138.76,False
ORD004172,ACC00843,19,776.27,False
ORD004173,ACC00843,11,595.15,True
ORD004174,ACC00843,1,831.18,False
ORD004175,ACC00843,46,404.69,False
ORD004176,ACC00843,52,2727.04,False
ORD004177,ACC00844,53,261.18,False
ORD004178,ACC00844,10,358.84,False
ORD004179,ACC00844,15,1293.36,False
ORD004180,ACC00844,19,203.22,False
ORD004181,ACC00844,56,178.05,False
ORD004182,ACC00844,19,744.7,True
ORD004183,ACC00845,54,1159.89,False
ORD004184,ACC00845,8,1151.87,False
ORD004185,ACC00845,56,136.3,False
ORD004186,ACC00845,30,1881.95,False
ORD004187,ACC00845,24,214.49,True
ORD004188,ACC00845,48,2513.11,False
ORD004189,ACC00846,16,1630.23,False
ORD004190,ACC00846,4,736.41,False
ORD004191,ACC00846,47,872.03,False
ORD004192,ACC00846,20,1050.75,False
ORD004193,ACC00846,8,1734.32,False
ORD004194,ACC00846,42,393.28,False
ORD004195,ACC00846,18,1445.29,False
ORD004196,ACC00847,13,726.91,False
ORD004197,ACC00847,4,282.6,False
ORD004198,ACC00847,5,259.16,False
ORD004199,ACC00848,3,619.75,True
ORD004200,ACC00848,18,1526.41,False
ORD004201,ACC00848,12,756.05,False
ORD004202,ACC00848,46,524.13,False
ORD004203,ACC00848,36,818.75,False
ORD004204,ACC00848,51,1954.87,False
ORD004205,ACC00849,45,1026.04,False
ORD004206,ACC00849,44,1620.75,True
ORD004207,ACC00849,34,2191.66,False
ORD004208,ACC00849,51,718.64,False
ORD004209,ACC00850,0,1602.36,False
ORD004210,ACC00850,27,422.24,False
ORD004211,ACC00850,48,1249.65,False
ORD004212,ACC00850,40,2436.73,False
ORD004213,ACC00850,53,1390.01,False
ORD004214,ACC00850,20,642.92,False
ORD004215,ACC00851,46,130.11,True
ORD004216,ACC00851,2,751.01,False
ORD004217,ACC00851,37,678.42,False
ORD004218,ACC00851,13,303.8,True
ORD004219,ACC00851,56,746.22,False
ORD004220,ACC00851,19,898.71,True
ORD004221,ACC00851,36,1434.13,True
ORD004222,ACC00852,58,1575.03,False
ORD004223,ACC00852,44,1084.51,False
ORD004224,ACC00852,55,675.8,False
ORD004225,ACC00853,5,527.36,True
ORD004226,ACC00853,36,1478.22,False
ORD004227,ACC00853,15,882.59,True
ORD004228,ACC00853,20,244.93,False
ORD004229,ACC00853,15,897.15,False
ORD004230,ACC00853,32,679.23,True
ORD004231,ACC00854,25,537.68,False
ORD004232,ACC00854,33,165.12,False
ORD004233,ACC00854,38,1334.16,False
ORD004234,ACC00854,41,215.25,False
ORD004235,ACC00854,30,1284.41,False
ORD004236,ACC00854,21,1005.04,True
ORD004237,ACC00854,48,305.66,True
ORD004238,ACC00855,1,2328.87,False
ORD004239,ACC00855,54,269.02,False
ORD004240,ACC00855,37,172.03,False
ORD004241,ACC00855,58,509.45,False
ORD004242,ACC00856,20,1317.96,False
ORD004243,ACC00856,26,462.78,False
ORD004244,ACC00856,40,220.5,False
ORD004245,ACC00856,59,685.61,True
ORD004246,ACC00856,13,443.86,False
ORD004247,ACC00857,2,331.43,False
ORD004248,ACC00857,31,808.94,False
ORD004249,ACC00857,32,403.25,False
ORD004250,ACC00857,47,27.51,False
ORD004251,ACC00857,37,1548.32,False
ORD004252,ACC00857,11,800.29,False
ORD004253,ACC00857,38,975.07,False
ORD004254,ACC00858,22,251.34,False
ORD004255,ACC00858,8,1829.93,False
ORD004256,ACC00858,37,514.09,False
ORD004257,ACC00859,51,2458.22,False
ORD004258,ACC00859,10,572.01,False
ORD004259,ACC00859,22,2974.67,False
ORD004260,ACC00859,46,1676.72,False
ORD004261,ACC00859,27,110.89,True
ORD004262,ACC00860,26,1891.07,False
ORD004263,ACC00860,17,969.24,False
ORD004264,ACC00860,17,2391.26,False
ORD004265,ACC00860,28,497.07,False
ORD004266,ACC00860,19,895.98,False
ORD004267,ACC00860,33,1738.73,False
ORD004268,ACC00860,4,1176.53,False
ORD004269,ACC00861,3,431.42,False
ORD004270,ACC00861,45,687.52,False
ORD004271,ACC00861,46,1123.96,False
ORD004272,ACC00861,5,1709.99,False
ORD004273,ACC00861,54,1939.3,False
ORD004274,ACC00861,50,314.97,False
ORD004275,ACC00861,50,1223.3,True
ORD004276,ACC00861,26,200.96,False
ORD004277,ACC00862,56,654.46,False
ORD004278,ACC00862,39,988.8,False
ORD004279,ACC00862,38,2239.33,False
ORD004280,ACC00862,49,582.05,False
ORD004281,ACC00862,45,626.41,False
ORD004282,ACC00863,52,692.08,False
ORD004283,ACC00863,29,1783.51,False
ORD004284,ACC00863,2,187.85,False
ORD004285,ACC00863,57,435.53,False
ORD004286,ACC00864,48,1320.44,False
ORD004287,ACC00864,16,992.61,False
ORD004288,ACC00864,3,1247.69,False
ORD004289,ACC00864,50,590.81,False
ORD004290,ACC00864,32,2087.14,False
ORD004291,ACC00865,36,680.03,False
ORD004292,ACC00865,55,810.25,False
ORD004293,ACC00865,7,1085.5,False
ORD004294,ACC00865,31,134.15,False
ORD004295,ACC00865,13,877.24,False
ORD004296,ACC00866,20,1093.01,False
ORD004297,ACC00866,25,1030.26,False
ORD004298,ACC00866,4,741.21,False
ORD004299,ACC00866,24,1467.45,False
ORD004300,ACC00867,34,168.6,False
ORD004301,ACC00867,59,372.43,False
ORD004302,ACC00867,42,1233.6,False
ORD004303,ACC00868,55,648.99,False
ORD004304,ACC00868,8,2058.14,False
ORD004305,ACC00868,54,113.67,False
ORD004306,ACC00868,56,446.88,False
ORD004307,ACC00868,2,135.7,False
ORD004308,ACC00868,48,1229.19,False
ORD004309,ACC00868,35,735.62,False
ORD004310,ACC00868,23,798.58,False
ORD004311,ACC00868,30,902.96,True
ORD004312,ACC00868,25,298.66,False
ORD004313,ACC00868,48,358.89,True
ORD004314,ACC00868,24,529.72,True
ORD004315,ACC00869,7,335.59,False
ORD004316,ACC00869,42,555.55,False
ORD004317,ACC00869,1,514.53,False
ORD004318,ACC00870,23,1504.76,False
ORD004319,ACC00870,33,1408.49,False
ORD004320,ACC00870,23,1477.26,False
ORD004321,ACC00870,7,479.98,False
ORD004322,ACC00871,46,986.67,False
ORD004323,ACC00871,58,564.18,False
ORD004324,ACC00871,11,605.45,False
ORD004325,ACC00871,3,838.87,False
ORD004326,ACC00872,57,921.84,True
ORD004327,ACC00872,12,2835.67,False
ORD004328,ACC00872,53,400.9,False
ORD004329,ACC00872,3,392.47,False
ORD004330,ACC00872,24,534.62,False
ORD004331,ACC00872,26,318.32,False
ORD004332,ACC00872,47,85.18,False
ORD004333,ACC00873,41,71.84,False
ORD004334,ACC00873,42,895.95,True
ORD004335,ACC00873,35,670.23,True
ORD004336,ACC00873,31,890.52,False
ORD004337,ACC00873,27,591.94,True
ORD004338,ACC00873,53,37.15,False
ORD004339,ACC00873,24,988.97,False
ORD004340,ACC00873,28,397.86,True
ORD004341,ACC00873,5,1715.4,False
ORD004342,ACC00874,30,1479.69,False
ORD004343,ACC00874,12,485.63,False
ORD004344,ACC00874,35,898.15,False
ORD004345,ACC00874,16,1098.25,False
ORD004346,ACC00874,57,376.55,True
ORD004347,ACC00874,7,1833.51,False
ORD004348,ACC00874,49,592.45,True
ORD004349,ACC00874,40,3177.69,False
ORD004350,ACC00875,33,2047.77,False
ORD004351,ACC00875,42,658.79,False
ORD004352,ACC00875,48,543.16,False
ORD004353,ACC00875,35,1047.79,False
ORD004354,ACC00876,50,413.76,False
ORD004355,ACC00876,24,2341.15,False
ORD004356,ACC00876,57,949.17,False
ORD004357,ACC00877,28,750.13,False
ORD004358,ACC00877,27,425.21,True
ORD004359,ACC00877,0,328.2,False
ORD004360,ACC00877,22,2535.64,False
ORD004361,ACC00877,31,1513.21,False
ORD004362,ACC00878,3,1093.81,False
ORD004363,ACC00878,54,393.12,False
ORD004364,ACC00878,50,93.16,True
ORD004365,ACC00878,12,1724.02,False
ORD004366,ACC00878,49,1468.54,True
ORD004367,ACC00878,50,1086.49,False
ORD004368,ACC00878,6,271.21,False
ORD004369,ACC00879,1,346.52,False
ORD004370,ACC00879,0,298.87,False
ORD004371,ACC00879,44,3946.4,False
ORD004372,ACC00879,53,344.72,False
ORD004373,ACC00879,25,1649.54,False
ORD004374,ACC00879,36,1150.18,False
ORD004375,ACC00880,57,1349.28,True
ORD004376,ACC00880,15,832.65,True
ORD004377,ACC00880,3,1053.36,False
ORD004378,ACC00880,31,1267.36,False
ORD004379,ACC00881,5,1539.22,True
ORD004380,ACC00881,18,1385.72,False
ORD004381,ACC00881,10,198.76,False
ORD004382,ACC00881,46,1876.96,False
ORD004383,ACC00881,54,830.57,False
ORD004384,ACC00881,16,45.87,False
ORD004385,ACC00881,27,675.75,False
ORD004386,ACC00881,6,1228.62,False
ORD004387,ACC00881,9,370.54,False
ORD004388,ACC00882,24,735.89,False
ORD004389,ACC00882,57,2008.26,False
ORD004390,ACC00882,35,668.15,True
ORD004391,ACC00882,51,1585.5,False
ORD004392,ACC00882,50,396.4,False
ORD004393,ACC00882,53,1398.0,True
ORD004394,ACC00882,27,582.81,False
ORD004395,ACC00883,12,91.42,False
ORD004396,ACC00883,20,520.87,True
ORD004397,ACC00883,49,1195.36,False
ORD004398,ACC00883,40,1465.05,False
ORD004399,ACC00883,51,39.89,True
ORD004400,ACC00883,0,701.33,False
ORD004401,ACC00884,31,1110.29,False
ORD004402,ACC00884,59,221.58,False
ORD004403,ACC00885,43,589.85,False
ORD004404,ACC00885,50,228.53,True
ORD004405,ACC00885,20,993.4,False
ORD004406,ACC00886,20,459.13,False
ORD004407,ACC00886,31,1190.98,False
ORD004408,ACC00886,47,357.0,False
ORD004409,ACC00886,58,1552.81,False
ORD004410,ACC00886,58,222.07,False
ORD004411,ACC00887,28,430.09,False
ORD004412,ACC00887,33,716.58,False
ORD004413,ACC00888,33,1232.01,True
ORD004414,ACC00888,43,843.4,False
ORD004415,ACC00888,44,891.65,False
ORD004416,ACC00888,41,81.52,False
ORD004417,ACC00888,30,1993.72,True
ORD004418,ACC00888,0,1624.63,False
ORD004419,ACC00888,35,229.45,False
ORD004420,ACC00889,23,384.01,False
ORD004421,ACC00889,11,462.61,True
ORD004422,ACC00889,39,2027.1,False
ORD004423,ACC00889,24,29.96,False
ORD004424,ACC00889,5,2271.67,False
ORD004425,ACC00889,51,864.8,False
ORD004426,ACC00889,36,375.16,False
ORD004427,ACC00889,33,136.36,False
ORD004428,ACC00890,40,422.46,False
ORD004429,ACC00890,27,640.88,False
ORD004430,ACC00890,16,297.41,False
ORD004431,ACC00890,20,1682.49,False
ORD004432,ACC00890,16,1711.71,False
ORD004433,ACC00890,53,2108.59,False
ORD004434,ACC00891,30,657.5,False
ORD004435,ACC00891,45,2230.68,False
ORD004436,ACC00891,1,860.76,False
ORD004437,ACC00891,10,487.21,False
ORD004438,ACC00892,18,968.11,False
ORD004439,ACC00892,55,2141.94,False
ORD004440,ACC00893,18,595.27,True
ORD004441,ACC00893,13,913.24,False
ORD004442,ACC00893,30,349.44,False
ORD004443,ACC00893,34,1950.1,False
ORD004444,ACC00894,10,668.8,True
ORD004445,ACC00894,42,246.65,True
ORD004446,ACC00894,33,1024.63,False
ORD004447,ACC00894,16,711.02,False
ORD004448,ACC00894,24,274.87,False
ORD004449,ACC00894,25,176.78,True
ORD004450,ACC00895,36,664.13,False
ORD004451,ACC00895,31,525.18,False
ORD004452,ACC00895,13,135.76,False
ORD004453,ACC00895,22,1097.1,False
ORD004454,ACC00895,42,404.93,False
ORD004455,ACC00895,44,193.64,False
ORD004456,ACC00895,28,408.1,False
ORD004457,ACC00895,6,1164.93,False
ORD004458,ACC00896,41,366.57,True
ORD004459,ACC00896,4,924.67,False
ORD004460,ACC00896,14,238.93,False
ORD004461,ACC00896,37,1748.19,False
ORD004462,ACC00896,45,1567.6,False
ORD004463,ACC00897,54,1139.54,False
ORD004464,ACC00897,48,146.31,False
ORD004465,ACC00897,57,880.09,False
ORD004466,ACC00897,30,1356.61,False
ORD004467,ACC00897,36,578.93,False
ORD004468,ACC00897,40,1243.42,False
ORD004469,ACC00897,24,1837.06,False
ORD004470,ACC00898,59,209.31,False
ORD004471,ACC00898,54,1134.96,False
ORD004472,ACC00899,56,354.35,False
ORD004473,ACC00899,53,397.34,True
ORD004474,ACC00899,55,1666.06,True
ORD004475,ACC00900,4,739.22,False
ORD004476,ACC00900,30,531.06,False
ORD004477,ACC00900,6,708.15,False
ORD004478,ACC00900,26,2743.35,True
ORD004479,ACC00901,13,243.24,False
ORD004480,ACC00901,45,400.23,False
ORD004481,ACC00901,54,527.67,False
ORD004482,ACC00901,5,2059.46,False
ORD004483,ACC00901,19,804.54,False
ORD004484,ACC00901,7,1237.4,False
ORD004485,ACC00901,23,556.8,False
ORD004486,ACC00902,42,1069.33,True
ORD004487,ACC00902,20,493.94,False
ORD004488,ACC00902,4,656.28,False
ORD004489,ACC00902,43,514.98,False
ORD004490,ACC00903,54,1524.53,True
ORD004491,ACC00903,50,1075.06,True
ORD004492,ACC00903,29,539.25,False
ORD004493,ACC00903,37,1324.23,False
ORD004494,ACC00904,20,614.69,False
ORD004495,ACC00904,21,564.22,False
ORD004496,ACC00904,54,1010.47,True
ORD004497,ACC00904,16,249.31,False
ORD004498,ACC00904,46,657.46,False
ORD004499,ACC00905,49,654.48,False
ORD004500,ACC00905,36,788.18,False
ORD004501,ACC00905,47,285.54,False
ORD004502,ACC00905,10,1594.5,False
ORD004503,ACC00905,6,217.38,False
ORD004504,ACC00906,43,204.26,True
ORD004505,ACC00906,16,605.3,False
ORD004506,ACC00906,24,908.04,True
ORD004507,ACC00906,43,266.14,False
ORD004508,ACC00906,11,2437.79,False
ORD004509,ACC00906,6,281.12,False
ORD004510,ACC00906,24,155.92,False
ORD004511,ACC00906,32,187.72,False
ORD004512,ACC00906,53,1126.34,False
ORD004513,ACC00906,19,477.78,True
ORD004514,ACC00906,12,1000.89,False
ORD004515,ACC00907,42,449.72,False
ORD004516,ACC00907,17,893.75,False
ORD004517,ACC00907,24,252.67,False
ORD004518,ACC00907,38,553.31,False
ORD004519,ACC00907,20,788.95,False
ORD004520,ACC00907,54,794.24,False
ORD004521,ACC00907,37,1492.14,False
ORD004522,ACC00908,13,1791.49,False
ORD004523,ACC00908,51,304.28,False
ORD004524,ACC00908,35,730.86,False
ORD004525,ACC00909,30,480.51,False
ORD004526,ACC00909,11,255.08,False
ORD004527,ACC00909,53,564.4,False
ORD004528,ACC00910,26,1151.92,False
ORD004529,ACC00910,49,364.17,False
ORD004530,ACC00910,31,1765.43,False
ORD004531,ACC00910,14,1082.96,False
ORD004532,ACC00911,23,906.56,False
ORD004533,ACC00911,14,497.01,False
ORD004534,ACC00911,31,1968.36,False
ORD004535,ACC00912,18,1091.35,False
ORD004536,ACC00912,24,76.19,False
ORD004537,ACC00912,42,161.22,False
ORD004538,ACC00913,13,488.93,False
ORD004539,ACC00913,2,2242.14,False
ORD004540,ACC00913,49,668.23,False
ORD004541,ACC00913,59,527.78,False
ORD004542,ACC00914,6,1970.54,False
ORD004543,ACC00914,19,79.59,False
ORD004544,ACC00914,6,186.58,False
ORD004545,ACC00915,10,2650.18,False
ORD004546,ACC00915,6,1090.24,False
ORD004547,ACC00915,59,1362.2,False
ORD004548,ACC00915,3,1317.7,False
ORD004549,ACC00915,33,86.67,False
ORD004550,ACC00916,19,813.69,False
ORD004551,ACC00916,54,425.49,True
ORD004552,ACC00916,58,338.97,False
ORD004553,ACC00916,0,2068.03,False
ORD004554,ACC00917,28,307.23,False
ORD004555,ACC00917,29,841.7,False
ORD004556,ACC00917,2,421.01,False
ORD004557,ACC00917,47,602.45,False
ORD004558,ACC00918,59,1196.86,False
ORD004559,ACC00918,52,288.68,False
ORD004560,ACC00918,18,216.53,False
ORD004561,ACC00918,10,705.46,False
ORD004562,ACC00918,2,409.73,False
ORD004563,ACC00918,34,830.55,False
ORD004564,ACC00918,26,756.2,False
ORD004565,ACC00918,31,1883.1,False
ORD004566,ACC00919,31,43.83,False
ORD004567,ACC00919,59,1483.35,False
ORD004568,ACC00919,29,765.41,False
ORD004569,ACC00919,10,1374.87,False
ORD004570,ACC00920,8,555.68,False
ORD004571,ACC00920,40,1579.39,False
ORD004572,ACC00920,19,272.82,False
ORD004573,ACC00920,51,368.43,False
ORD004574,ACC00920,8,519.95,False
ORD004575,ACC00920,21,189.93,False
ORD004576,ACC00921,43,888.71,False
ORD004577,ACC00921,23,786.08,False
ORD004578,ACC00921,14,2072.96,False
ORD004579,ACC00921,13,1177.59,True
ORD004580,ACC00921,31,1240.41,False
ORD004581,ACC00921,59,633.25,False
ORD004582,ACC00922,48,714.62,False
ORD004583,ACC00922,53,627.97,False
ORD004584,ACC00922,18,1677.93,False
ORD004585,ACC00923,25,827.0,False
ORD004586,ACC00923,26,796.98,False
ORD004587,ACC00923,51,691.75,False
ORD004588,ACC00923,41,953.57,False
ORD004589,ACC00923,58,478.49,False
ORD004590,ACC00924,48,262.21,False
ORD004591,ACC00924,47,821.94,True
ORD004592,ACC00924,22,259.14,True
ORD004593,ACC00924,56,1320.12,False
ORD004594,ACC00924,56,358.36,True
ORD004595,ACC00924,17,648.73,False
ORD004596,ACC00925,59,1470.2,False
ORD004597,ACC00925,9,634.64,False
ORD004598,ACC00925,56,637.77,False
ORD004599,ACC00926,0,1349.89,False
ORD004600,ACC00926,57,389.0,False
ORD004601,ACC00926,36,541.06,False
ORD004602,ACC00927,42,1550.64,False
ORD004603,ACC00927,37,1662.43,False
ORD004604,ACC00927,12,3292.6,False
ORD004605,ACC00927,56,1725.52,False
ORD004606,ACC00928,22,128.82,True
ORD004607,ACC00928,18,2968.72,False
ORD004608,ACC00928,53,861.62,False
ORD004609,ACC00928,47,1454.84,False
ORD004610,ACC00928,10,1353.78,False
ORD004611,ACC00929,19,924.94,False
ORD004612,ACC00929,11,539.69,False
ORD004613,ACC00929,1,835.23,False
ORD004614,ACC00929,1,1645.3,False
ORD004615,ACC00929,41,732.82,True
ORD004616,ACC00930,36,979.28,False
ORD004617,ACC00930,30,342.68,False
ORD004618,ACC00930,11,133.8,False
ORD004619,ACC00930,52,1122.89,False
ORD004620,ACC00930,25,867.13,False
ORD004621,ACC00931,31,1053.57,False
ORD004622,ACC00931,58,950.67,False
ORD004623,ACC00931,53,289.21,False
ORD004624,ACC00931,46,680.58,False
ORD004625,ACC00932,42,673.8,False
ORD004626,ACC00932,19,819.91,False
ORD004627,ACC00932,35,452.37,False
ORD004628,ACC00933,4,763.8,False
ORD004629,ACC00933,46,303.82,True
ORD004630,ACC00933,57,430.04,False
ORD004631,ACC00933,48,715.62,False
ORD004632,ACC00933,9,665.42,False
ORD004633,ACC00933,38,121.46,False
ORD004634,ACC00934,28,2588.4,False
ORD004635,ACC00934,47,1486.51,False
ORD004636,ACC00934,30,218.05,False
ORD004637,ACC00934,47,372.27,False
ORD004638,ACC00934,54,610.21,False
ORD004639,ACC00935,29,2162.53,False
ORD004640,ACC00935,24,1011.65,False
ORD004641,ACC00935,37,1250.65,False
ORD004642,ACC00936,28,1558.3,False
ORD004643,ACC00936,3,508.65,False
ORD004644,ACC00936,32,987.73,False
ORD004645,ACC00936,37,1351.45,False
ORD004646,ACC00936,17,175.43,False
ORD004647,ACC00936,34,1154.65,False
ORD004648,ACC00936,21,1347.31,True
ORD004649,ACC00936,3,424.13,False
ORD004650,ACC00937,16,61.37,False
ORD004651,ACC00937,9,723.18,False
ORD004652,ACC00937,54,884.58,False
ORD004653,ACC00937,56,17.53,False
ORD004654,ACC00937,57,123.34,False
ORD004655,ACC00937,1,1420.18,False
ORD004656,ACC00937,53,80.45,True
ORD004657,ACC00938,13,1214.73,False
ORD004658,ACC00938,54,350.89,False
ORD004659,ACC00938,3,475.75,False
ORD004660,ACC00938,23,2471.45,False
ORD004661,ACC00938,44,755.54,False
ORD004662,ACC00938,48,1553.74,False
ORD004663,ACC00939,3,977.11,False
ORD004664,ACC00939,24,341.05,False
ORD004665,ACC00939,25,275.82,False
ORD004666,ACC00939,25,591.59,False
ORD004667,ACC00939,43,2402.64,True
ORD004668,ACC00939,16,1648.54,False
ORD004669,ACC00939,9,235.6,False
ORD004670,ACC00940,19,3497.17,True
ORD004671,ACC00940,27,1094.32,False
ORD004672,ACC00940,25,590.75,False
ORD004673,ACC00940,24,796.49,False
ORD004674,ACC00940,30,808.09,True
ORD004675,ACC00940,28,360.97,False
ORD004676,ACC00940,18,963.53,True
ORD004677,ACC00940,34,2098.61,False
ORD004678,ACC00940,14,567.09,True
ORD004679,ACC00940,56,1692.77,False
ORD004680,ACC00940,40,319.07,False
ORD004681,ACC00941,16,1789.67,False
ORD004682,ACC00941,52,1012.41,False
ORD004683,ACC00941,37,2040.19,False
ORD004684,ACC00941,29,314.13,False
ORD004685,ACC00941,14,1049.72,False
ORD004686,ACC00941,35,976.97,False
ORD004687,ACC00941,43,794.02,False
ORD004688,ACC00942,34,1428.04,True
ORD004689,ACC00942,9,554.51,True
ORD004690,ACC00942,38,427.08,False
ORD004691,ACC00942,54,332.99,True
ORD004692,ACC00943,36,1819.04,False
ORD004693,ACC00943,49,419.86,False
ORD004694,ACC00943,40,571.87,False
ORD004695,ACC00943,24,364.27,False
ORD004696,ACC00943,0,1107.32,False
ORD004697,ACC00944,14,858.37,False
ORD004698,ACC00944,47,270.97,False
ORD004699,ACC00944,46,99.24,False
ORD004700,ACC00944,47,2940.66,False
ORD004701,ACC00944,19,398.3,False
ORD004702,ACC00944,32,1369.02,False
ORD004703,ACC00944,13,1528.73,False
ORD004704,ACC00945,0,932.4,False
ORD004705,ACC00945,45,157.29,False
ORD004706,ACC00945,2,684.66,False
ORD004707,ACC00946,54,537.86,False
ORD004708,ACC00946,44,742.07,False
ORD004709,ACC00946,57,637.63,False
ORD004710,ACC00946,32,95.23,False
ORD004711,ACC00947,10,1941.52,False
ORD004712,ACC00947,12,940.95,False
ORD004713,ACC00947,14,176.56,True
ORD004714,ACC00948,39,1668.35,False
ORD004715,ACC00948,16,429.22,False
ORD004716,ACC00948,10,24.02,False
ORD004717,ACC00948,37,1646.09,False
ORD004718,ACC00948,19,1182.51,False
ORD004719,ACC00948,12,271.74,False
ORD004720,ACC00948,13,306.27,False
ORD004721,ACC00948,13,249.88,False
ORD004722,ACC00949,9,559.95,False
ORD004723,ACC00949,38,282.17,False
ORD004724,ACC00949,29,664.15,False
ORD004725,ACC00949,54,161.58,False
ORD004726,ACC00949,38,1877.01,True
ORD004727,ACC00950,57,615.34,False
ORD004728,ACC00950,22,742.9,False
ORD004729,ACC00950,16,104.23,False
ORD004730,ACC00950,58,576.31,False
ORD004731,ACC00950,49,1516.95,False
ORD004732,ACC00950,34,785.09,False
ORD004733,ACC00950,22,1134.56,False
ORD004734,ACC00951,24,349.02,False
ORD004735,ACC00951,11,633.88,False
ORD004736,ACC00951,0,549.18,False
ORD004737,ACC00951,44,480.95,False
ORD004738,ACC00951,16,590.77,False
ORD004739,ACC00951,47,1678.28,False
ORD004740,ACC00951,32,1848.43,False
ORD004741,ACC00952,38,448.49,True
ORD004742,ACC00953,5,508.54,False
ORD004743,ACC00953,49,226.85,False
ORD004744,ACC00953,55,1262.04,False
ORD004745,ACC00953,17,392.79,False
ORD004746,ACC00954,13,1158.47,False
ORD004747,ACC00954,6,272.65,False
ORD004748,ACC00954,59,1203.83,False
ORD004749,ACC00954,50,281.37,False
ORD004750,ACC00954,31,239.01,False
ORD004751,ACC00954,49,1626.02,False
ORD004752,ACC00954,39,379.6,False
ORD004753,ACC00955,36,278.36,False
ORD004754,ACC00955,48,1442.2,False
ORD004755,ACC00955,6,406.5,False
ORD004756,ACC00955,30,733.85,False
ORD004757,ACC00955,32,1124.04,False
ORD004758,ACC00956,42,854.89,False
ORD004759,ACC00956,41,1716.72,False
ORD004760,ACC00956,34,512.69,False
ORD004761,ACC00956,20,1230.56,False
ORD004762,ACC00956,59,1539.79,False
ORD004763,ACC00957,37,824.5,False
ORD004764,ACC00957,25,999.79,False
ORD004765,ACC00957,28,162.76,False
ORD004766,ACC00957,18,527.78,False
ORD004767,ACC00957,35,1570.46,False
ORD004768,ACC00957,27,1859.73,False
ORD004769,ACC00958,46,1090.07,False
ORD004770,ACC00958,44,726.48,False
ORD004771,ACC00959,27,994.33,False
ORD004772,ACC00959,47,430.12,False
ORD004773,ACC00959,56,52.91,False
ORD004774,ACC00959,25,353.04,False
ORD004775,ACC00959,19,991.41,False
ORD004776,ACC00960,21,416.48,True
ORD004777,ACC00960,0,542.95,False
ORD004778,ACC00960,52,1291.07,True
ORD004779,ACC00960,1,434.82,False
ORD004780,ACC00960,30,200.13,False
ORD004781,ACC00960,4,117.43,True
ORD004782,ACC00960,52,2016.28,False
ORD004783,ACC00960,1,850.75,False
ORD004784,ACC00960,41,457.4,False
ORD004785,ACC00961,46,137.62,False
ORD004786,ACC00961,43,1518.65,False
ORD004787,ACC00961,23,560.19,False
ORD004788,ACC00961,37,912.94,False
ORD004789,ACC00961,14,1009.15,False
ORD004790,ACC00962,0,580.43,False
ORD004791,ACC00962,51,1932.42,False
ORD004792,ACC00962,14,1332.31,False
ORD004793,ACC00962,12,562.18,False
ORD004794,ACC00962,36,708.79,False
ORD004795,ACC00962,14,1718.07,False
ORD004796,ACC00962,58,504.25,False
ORD004797,ACC00963,52,1460.73,False
ORD004798,ACC00963,42,561.75,False
ORD004799,ACC00963,37,2155.09,False
ORD004800,ACC00964,33,533.81,False
ORD004801,ACC00964,54,1497.43,False
ORD004802,ACC00964,59,492.24,False
ORD004803,ACC00964,40,951.36,False
ORD004804,ACC00964,54,1636.61,False
ORD004805,ACC00964,1,251.86,False
ORD004806,ACC00964,51,482.86,False
ORD004807,ACC00964,31,947.91,False
ORD004808,ACC00964,22,1429.24,False
ORD004809,ACC00965,21,641.19,False
ORD004810,ACC00965,22,2444.21,False
ORD004811,ACC00965,29,322.45,False
ORD004812,ACC00965,0,1158.32,False
ORD004813,ACC00966,48,1072.92,True
ORD004814,ACC00966,56,564.86,True
ORD004815,ACC00966,56,1439.05,False
ORD004816,ACC00966,21,1060.36,False
ORD004817,ACC00966,53,1445.13,False
ORD004818,ACC00966,18,2624.62,False
ORD004819,ACC00967,11,362.07,False
ORD004820,ACC00967,49,1543.48,False
ORD004821,ACC00967,59,122.47,False
ORD004822,ACC00967,7,1380.98,False
ORD004823,ACC00967,33,410.01,False
ORD004824,ACC00968,51,572.93,False
ORD004825,ACC00968,42,121.65,False
ORD004826,ACC00968,19,138.53,True
ORD004827,ACC00968,41,474.55,False
ORD004828,ACC00968,54,309.72,False
ORD004829,ACC00969,2,800.95,False
ORD004830,ACC00969,56,2745.03,False
ORD004831,ACC00969,2,755.67,False
ORD004832,ACC00969,19,1817.58,False
ORD004833,ACC00969,17,1016.63,False
ORD004834,ACC00969,12,1140.15,False
ORD004835,ACC00969,4,1066.53,False
ORD004836,ACC00970,36,988.85,False
ORD004837,ACC00970,43,406.97,True
ORD004838,ACC00970,38,651.04,False
ORD004839,ACC00970,15,761.11,True
ORD004840,ACC00970,8,1178.84,False
ORD004841,ACC00970,57,626.95,False
ORD004842,ACC00971,20,3146.1,True
ORD004843,ACC00971,28,366.07,False
ORD004844,ACC00971,53,225.28,False
ORD004845,ACC00971,53,837.35,True
ORD004846,ACC00972,55,216.43,False
ORD004847,ACC00972,23,546.52,False
ORD004848,ACC00972,57,2621.46,False
ORD004849,ACC00972,52,322.83,False
ORD004850,ACC00972,4,899.2,False
ORD004851,ACC00972,8,328.17,False
ORD004852,ACC00973,50,104.15,False
ORD004853,ACC00973,39,584.8,False
ORD004854,ACC00973,48,182.79,False
ORD004855,ACC00974,0,1112.69,True
ORD004856,ACC00974,6,697.7,False
ORD004857,ACC00974,29,2993.95,False
ORD004858,ACC00974,19,744.97,False
ORD004859,ACC00974,36,537.53,False
ORD004860,ACC00974,50,2131.36,False
ORD004861,ACC00975,5,590.1,False
ORD004862,ACC00975,9,1295.93,False
ORD004863,ACC00975,3,653.2,False
ORD004864,ACC00975,37,1192.29,False
ORD004865,ACC00975,19,610.61,False
ORD004866,ACC00975,2,200.38,False
ORD004867,ACC00975,12,1065.83,False
ORD004868,ACC00975,15,1100.2,False
ORD004869,ACC00975,5,1092.65,False
ORD004870,ACC00976,52,1323.85,False
ORD004871,ACC00976,1,400.44,False
ORD004872,ACC00976,21,3191.6,False
ORD004873,ACC00976,0,860.76,False
ORD004874,ACC00976,37,170.17,False
ORD004875,ACC00977,28,982.04,False
ORD004876,ACC00977,11,1307.95,False
ORD004877,ACC00977,44,560.34,False
ORD004878,ACC00977,27,323.18,False
ORD004879,ACC00977,39,326.98,False
ORD004880,ACC00977,38,1200.81,False
ORD004881,ACC00978,39,2021.67,False
ORD004882,ACC00978,9,860.49,False
ORD004883,ACC00978,4,1288.28,False
ORD004884,ACC00979,23,238.24,False
ORD004885,ACC00979,13,1088.45,False
ORD004886,ACC00979,11,1571.51,False
ORD004887,ACC00980,5,1672.22,False
ORD004888,ACC00980,49,451.63,True
ORD004889,ACC00980,9,527.76,False
ORD004890,ACC00981,41,819.2,False
ORD004891,ACC00981,32,585.01,False
ORD004892,ACC00981,16,615.01,False
ORD004893,ACC00981,8,1334.09,False
ORD004894,ACC00981,52,443.73,False
ORD004895,ACC00981,57,338.38,False
ORD004896,ACC00981,40,632.92,False
ORD004897,ACC00982,59,1046.03,False
ORD004898,ACC00982,34,1185.1,False
ORD004899,ACC00982,41,816.82,True
ORD004900,ACC00982,13,299.73,True
ORD004901,ACC00982,17,1587.05,False
ORD004902,ACC00982,38,214.36,False
ORD004903,ACC00982,33,798.68,False
ORD004904,ACC00982,22,1576.88,False
ORD004905,ACC00982,50,715.1,False
ORD004906,ACC00983,49,1137.9,False
ORD004907,ACC00983,36,60.91,False
ORD004908,ACC00983,16,1642.7,False
ORD004909,ACC00983,6,1644.18,False
ORD004910,ACC00983,33,995.54,False
ORD004911,ACC00984,25,614.56,False
ORD004912,ACC00984,38,566.56,False
ORD004913,ACC00984,36,789.17,False
ORD004914,ACC00984,1,77.56,False
ORD004915,ACC00984,1,306.72,False
ORD004916,ACC00984,29,1044.38,False
ORD004917,ACC00984,31,1615.51,False
ORD004918,ACC00985,38,495.69,False
ORD004919,ACC00985,11,1263.4,False
ORD004920,ACC00985,59,630.95,False
ORD004921,ACC00986,42,974.06,False
ORD004922,ACC00986,8,2840.04,False
ORD004923,ACC00986,49,596.54,False
ORD004924,ACC00986,12,616.23,False
ORD004925,ACC00986,11,1413.24,False
ORD004926,ACC00986,58,404.63,False
ORD004927,ACC00987,23,328.46,False
ORD004928,ACC00987,33,2671.84,False
ORD004929,ACC00987,28,654.07,False
ORD004930,ACC00987,42,333.26,False
ORD004931,ACC00987,36,1009.89,False
ORD004932,ACC00988,38,574.55,False
ORD004933,ACC00988,50,595.93,False
ORD004934,ACC00988,6,1986.63,False
ORD004935,ACC00988,23,651.72,False
ORD004936,ACC00988,10,641.95,False
ORD004937,ACC00988,28,1671.41,False
ORD004938,ACC00989,57,2004.23,False
ORD004939,ACC00989,7,200.2,False
ORD004940,ACC00989,42,386.7,False
ORD004941,ACC00989,42,2110.04,False
ORD004942,ACC00990,46,1260.92,False
ORD004943,ACC00990,8,1642.84,False
ORD004944,ACC00990,30,775.11,False
ORD004945,ACC00990,32,296.37,False
ORD004946,ACC00990,40,630.55,False
ORD004947,ACC00990,22,893.54,False
ORD004948,ACC00990,3,690.81,False
ORD004949,ACC00991,53,1847.21,False
ORD004950,ACC00991,29,1902.21,False
ORD004951,ACC00991,34,66.43,False
ORD004952,ACC00991,9,1196.65,False
ORD004953,ACC00991,19,546.76,False
ORD004954,ACC00992,40,275.81,False
ORD004955,ACC00992,53,1323.99,False
ORD004956,ACC00992,58,522.01,False
ORD004957,ACC00992,42,1940.44,False
ORD004958,ACC00993,26,210.2,False
ORD004959,ACC00993,8,1519.55,False
ORD004960,ACC00993,54,682.65,False
ORD004961,ACC00993,22,1042.03,False
ORD004962,ACC00993,35,826.35,False
ORD004963,ACC00994,57,1356.71,False
ORD004964,ACC00994,48,622.76,False
ORD004965,ACC00994,39,890.88,False
ORD004966,ACC00995,35,681.12,False
ORD004967,ACC00995,7,859.68,False
ORD004968,ACC00995,36,441.03,False
ORD004969,ACC00995,26,433.14,False
ORD004970,ACC00995,5,589.92,False
ORD004971,ACC00995,44,773.4,False
ORD004972,ACC00995,48,632.83,False
ORD004973,ACC00995,33,662.81,False
ORD004974,ACC00995,9,1033.52,False
ORD004975,ACC00996,22,213.08,False
ORD004976,ACC00996,57,16.05,True
ORD004977,ACC00996,57,262.98,False
ORD004978,ACC00996,16,239.67,False
ORD004979,ACC00996,47,469.66,False
ORD004980,ACC00997,10,1921.17,False
ORD004981,ACC00997,21,1513.67,False
ORD004982,ACC00997,38,667.21,False
ORD004983,ACC00997,11,1240.34,False
ORD004984,ACC00997,12,1020.64,False
ORD004985,ACC00998,52,2579.11,False
ORD004986,ACC00998,50,1029.07,False
ORD004987,ACC00998,29,437.65,False
ORD004988,ACC00998,38,435.4,False
ORD004989,ACC00999,5,61.36,False
ORD004990,ACC00999,6,455.44,False
ORD004991,ACC00999,55,558.4,False
ORD004992,ACC00999,42,1091.86,False
ORD004993,ACC01000,36,589.62,True
ORD004994,ACC01000,41,911.23,True
ORD004995,ACC01000,9,282.74,True
ORD004996,ACC01001,2,1624.37,False
ORD004997,ACC01001,8,868.27,False
ORD004998,ACC01001,37,1000.49,False
ORD004999,ACC01002,52,593.49,False
ORD005000,ACC01002,5,850.85,False
ORD005001,ACC01003,51,756.03,False
ORD005002,ACC01003,46,2544.84,False
ORD005003,ACC01003,25,674.76,False
ORD005004,ACC01003,23,800.89,False
ORD005005,ACC01003,2,486.97,False
ORD005006,ACC01004,33,1956.85,False
ORD005007,ACC01004,51,738.94,False
ORD005008,ACC01005,45,255.67,False
ORD005009,ACC01005,21,388.13,False
ORD005010,ACC01005,50,509.27,False
ORD005011,ACC01005,38,227.19,False
ORD005012,ACC01006,28,2103.66,False
ORD005013,ACC01006,4,264.74,False
ORD005014,ACC01006,52,1121.14,False
ORD005015,ACC01006,24,595.0,False
ORD005016,ACC01007,29,662.92,False
ORD005017,ACC01007,41,652.13,False
ORD005018,ACC01007,59,366.68,False
ORD005019,ACC01008,34,1254.79,False
ORD005020,ACC01008,3,2360.87,False
ORD005021,ACC01008,48,2569.69,False
ORD005022,ACC01009,14,1528.82,True
ORD005023,ACC01009,3,2499.01,False
ORD005024,ACC01009,49,1632.35,False
ORD005025,ACC01009,50,799.96,False
ORD005026,ACC01009,54,790.86,False
ORD005027,ACC01009,21,252.18,False
ORD005028,ACC01010,17,1205.8,True
ORD005029,ACC01010,44,448.13,False
ORD005030,ACC01011,46,772.12,False
ORD005031,ACC01011,46,427.01,False
ORD005032,ACC01011,1,957.02,False
ORD005033,ACC01011,51,540.84,False
ORD005034,ACC01011,21,729.4,False
ORD005035,ACC01011,14,944.06,False
ORD005036,ACC01011,31,192.11,False
ORD005037,ACC01011,50,1031.2,False
ORD005038,ACC01011,48,570.75,False
ORD005039,ACC01011,10,442.71,False
ORD005040,ACC01012,26,740.52,False
ORD005041,ACC01012,5,1871.0,False
ORD005042,ACC01012,38,614.58,False
ORD005043,ACC01012,47,910.16,False
ORD005044,ACC01012,25,794.73,False
ORD005045,ACC01013,6,629.43,False
ORD005046,ACC01013,38,1165.72,False
ORD005047,ACC01013,20,517.91,False
ORD005048,ACC01013,28,701.15,False
ORD005049,ACC01013,37,20.64,False
ORD005050,ACC01014,53,501.23,False
ORD005051,ACC01014,1,1308.42,False
ORD005052,ACC01014,51,1017.48,True
ORD005053,ACC01014,37,643.18,False
ORD005054,ACC01014,59,1165.71,False
ORD005055,ACC01015,15,494.58,False
ORD005056,ACC01015,42,436.08,False
ORD005057,ACC01015,34,585.66,False
ORD005058,ACC01015,28,1383.1,False
ORD005059,ACC01015,9,276.89,False
ORD005060,ACC01015,14,336.15,False
ORD005061,ACC01015,54,586.78,False
ORD005062,ACC01016,28,2280.77,False
ORD005063,ACC01016,52,1331.1,False
ORD005064,ACC01016,53,119.35,False
ORD005065,ACC01016,19,156.51,False
ORD005066,ACC01016,47,1025.22,False
ORD005067,ACC01016,29,328.86,False
ORD005068,ACC01016,25,1243.8,False
ORD005069,ACC01017,17,1055.18,False
ORD005070,ACC01017,0,758.86,False
ORD005071,ACC01018,19,567.19,False
ORD005072,ACC01018,55,350.21,False
ORD005073,ACC01018,15,328.37,False
ORD005074,ACC01018,57,1272.48,False
ORD005075,ACC01019,17,1269.93,False
ORD005076,ACC01019,35,898.67,False
ORD005077,ACC01019,29,213.65,False
ORD005078,ACC01019,48,595.06,False
ORD005079,ACC01020,1,1075.64,False
ORD005080,ACC01020,33,457.88,False
ORD005081,ACC01020,43,3414.73,False
ORD005082,ACC01020,57,322.03,False
ORD005083,ACC01020,39,1757.44,False
ORD005084,ACC01021,17,1452.83,False
ORD005085,ACC01021,32,305.1,False
ORD005086,ACC01021,12,1225.36,False
ORD005087,ACC01021,42,446.41,False
ORD005088,ACC01021,42,695.57,False
ORD005089,ACC01022,42,784.87,False
ORD005090,ACC01022,6,2600.73,False
ORD005091,ACC01022,1,822.77,False
ORD005092,ACC01022,35,618.65,False
ORD005093,ACC01022,43,2508.15,False
ORD005094,ACC01022,58,2030.63,False
ORD005095,ACC01022,28,596.15,False
ORD005096,ACC01023,41,641.04,False
ORD005097,ACC01023,56,241.13,False
ORD005098,ACC01023,32,267.06,False
ORD005099,ACC01023,55,495.36,False
ORD005100,ACC01024,29,1166.91,False
ORD005101,ACC01024,43,456.98,False
ORD005102,ACC01024,1,43.66,False
ORD005103,ACC01024,1,153.08,False
ORD005104,ACC01024,12,678.61,False
ORD005105,ACC01024,31,852.96,False
ORD005106,ACC01024,36,2812.81,False
ORD005107,ACC01024,4,3200.07,False
ORD005108,ACC01024,55,76.03,False
ORD005109,ACC01025,36,1925.52,False
ORD005110,ACC01025,58,746.46,False
ORD005111,ACC01025,53,1203.08,True
ORD005112,ACC01025,43,662.67,False
ORD005113,ACC01025,51,1257.8,False
ORD005114,ACC01025,20,163.28,False
ORD005115,ACC01025,42,1455.79,False
ORD005116,ACC01025,10,366.97,False
ORD005117,ACC01026,6,355.72,False
ORD005118,ACC01026,40,462.05,False
ORD005119,ACC01026,13,832.63,False
ORD005120,ACC01026,20,200.35,False
ORD005121,ACC01027,55,1149.45,False
ORD005122,ACC01027,15,81.24,False
ORD005123,ACC01027,18,1116.35,False
ORD005124,ACC01028,56,163.71,False
ORD005125,ACC01028,11,128.83,False
ORD005126,ACC01028,36,296.86,False
ORD005127,ACC01028,23,572.43,False
ORD005128,ACC01028,4,439.58,False
ORD005129,ACC01029,38,276.22,False
ORD005130,ACC01029,56,1193.92,False
ORD005131,ACC01029,37,1211.27,False
ORD005132,ACC01030,3,889.93,False
ORD005133,ACC01030,32,1455.53,False
ORD005134,ACC01030,23,423.68,False
ORD005135,ACC01031,55,368.95,True
ORD005136,ACC01031,33,826.85,False
ORD005137,ACC01031,8,232.1,False
ORD005138,ACC01031,2,898.02,False
ORD005139,ACC01031,16,593.38,False
ORD005140,ACC01031,29,1159.36,False
ORD005141,ACC01031,2,1091.28,False
ORD005142,ACC01031,21,820.64,False
ORD005143,ACC01031,18,609.66,False
ORD005144,ACC01032,10,280.49,False
ORD005145,ACC01032,31,889.01,False
ORD005146,ACC01032,39,604.03,False
ORD005147,ACC01032,48,1082.76,False
ORD005148,ACC01032,37,602.98,False
ORD005149,ACC01032,36,497.66,False
ORD005150,ACC01033,39,588.58,False
ORD005151,ACC01033,0,863.86,False
ORD005152,ACC01033,2,1015.27,False
ORD005153,ACC01033,52,974.22,False
ORD005154,ACC01033,47,833.73,False
ORD005155,ACC01033,47,1543.75,False
ORD005156,ACC01033,51,621.37,False
ORD005157,ACC01034,38,998.8,False
ORD005158,ACC01034,23,309.73,False
ORD005159,ACC01034,26,489.96,False
ORD005160,ACC01034,50,126.67,False
ORD005161,ACC01035,43,2327.47,False
ORD005162,ACC01036,54,57.83,False
ORD005163,ACC01036,26,708.82,False
ORD005164,ACC01036,56,185.23,False
ORD005165,ACC01036,0,432.5,False
ORD005166,ACC01036,12,365.98,False
ORD005167,ACC01036,39,506.09,False
ORD005168,ACC01037,25,281.72,False
ORD005169,ACC01037,9,601.29,False
ORD005170,ACC01038,33,229.54,False
ORD005171,ACC01038,49,375.8,False
ORD005172,ACC01038,40,146.88,False
ORD005173,ACC01038,48,4128.97,False
ORD005174,ACC01038,3,2234.43,False
ORD005175,ACC01038,48,956.72,False
ORD005176,ACC01039,46,394.35,False
ORD005177,ACC01039,40,554.41,False
ORD005178,ACC01039,30,687.17,False
ORD005179,ACC01039,21,2656.05,False
ORD005180,ACC01040,15,300.16,False
ORD005181,ACC01040,57,441.83,False
ORD005182,ACC01040,48,547.65,False
ORD005183,ACC01040,59,1143.59,False
ORD005184,ACC01040,47,1082.64,False
ORD005185,ACC01041,7,1310.2,True
ORD005186,ACC01041,10,722.83,False
ORD005187,ACC01041,48,1611.22,False
ORD005188,ACC01042,54,1024.57,False
ORD005189,ACC01042,36,1235.6,False
ORD005190,ACC01042,49,366.92,False
ORD005191,ACC01042,15,1153.3,False
ORD005192,ACC01042,7,168.15,False
ORD005193,ACC01042,5,88.35,False
ORD005194,ACC01043,55,640.08,True
ORD005195,ACC01043,51,1098.75,False
ORD005196,ACC01044,43,709.86,False
ORD005197,ACC01044,55,1802.44,False
ORD005198,ACC01044,42,879.22,True
ORD005199,ACC01044,2,1232.49,False
ORD005200,ACC01044,24,397.87,False
ORD005201,ACC01044,20,657.3,False
ORD005202,ACC01045,10,244.32,False
ORD005203,ACC01045,47,937.95,False
ORD005204,ACC01045,14,1126.71,False
ORD005205,ACC01045,35,1479.95,True
ORD005206,ACC01045,15,1034.68,False
ORD005207,ACC01045,3,1271.41,False
ORD005208,ACC01046,34,1005.94,False
ORD005209,ACC01046,11,1091.2,False
ORD005210,ACC01046,37,1123.38,False
ORD005211,ACC01047,35,646.44,False
ORD005212,ACC01047,52,928.51,False
ORD005213,ACC01047,5,1162.61,False
ORD005214,ACC01048,5,1372.93,False
ORD005215,ACC01048,39,308.05,False
ORD005216,ACC01048,0,1404.14,False
ORD005217,ACC01049,50,1490.02,False
ORD005218,ACC01049,7,721.6,False
ORD005219,ACC01049,11,2105.01,False
ORD005220,ACC01049,8,1753.39,False
ORD005221,ACC01050,7,1994.32,True
ORD005222,ACC01050,9,458.27,False
ORD005223,ACC01050,23,1160.02,False
ORD005224,ACC01050,47,487.52,False
ORD005225,ACC01050,23,625.62,False
ORD005226,ACC01050,7,763.41,False
ORD005227,ACC01051,7,209.92,True
ORD005228,ACC01051,31,612.2,True
ORD005229,ACC01051,17,720.14,False
ORD005230,ACC01051,59,970.23,False
ORD005231,ACC01052,18,47.98,True
ORD005232,ACC01052,3,403.14,False
ORD005233,ACC01052,37,488.13,False
ORD005234,ACC01052,34,808.48,False
ORD005235,ACC01053,32,343.24,False
ORD005236,ACC01053,36,1784.88,False
ORD005237,ACC01053,14,1784.1,False
ORD005238,ACC01054,15,686.14,True
ORD005239,ACC01054,52,3257.34,True
ORD005240,ACC01054,32,967.11,False
ORD005241,ACC01054,30,2472.08,False
ORD005242,ACC01054,55,1530.92,True
ORD005243,ACC01054,46,1005.72,False
ORD005244,ACC01055,1,1832.17,False
ORD005245,ACC01055,57,705.56,False
ORD005246,ACC01055,37,550.83,False
ORD005247,ACC01055,11,496.31,False
ORD005248,ACC01056,34,214.78,True
ORD005249,ACC01056,52,572.25,False
ORD005250,ACC01056,41,328.43,False
ORD005251,ACC01056,53,433.48,False
ORD005252,ACC01056,43,1049.52,True
ORD005253,ACC01056,22,883.78,False
ORD005254,ACC01057,40,617.39,False
ORD005255,ACC01057,6,663.84,False
ORD005256,ACC01057,5,442.15,True
ORD005257,ACC01057,51,237.09,False
ORD005258,ACC01057,45,294.75,False
ORD005259,ACC01058,8,1279.05,False
ORD005260,ACC01058,39,2512.47,False
ORD005261,ACC01059,20,1098.57,False
ORD005262,ACC01059,13,1144.32,False
ORD005263,ACC01059,21,1412.4,False
ORD005264,ACC01059,17,1971.51,False
ORD005265,ACC01059,44,1838.53,False
ORD005266,ACC01059,30,439.51,False
ORD005267,ACC01059,12,2300.32,False
ORD005268,ACC01060,53,380.62,True
ORD005269,ACC01060,10,1108.64,False
ORD005270,ACC01060,3,780.97,False
ORD005271,ACC01060,39,1500.15,False
ORD005272,ACC01060,18,453.69,False
ORD005273,ACC01060,18,1675.05,False
ORD005274,ACC01061,11,1684.47,False
ORD005275,ACC01061,21,838.46,False
ORD005276,ACC01061,16,1021.63,True
ORD005277,ACC01061,25,1141.83,False
ORD005278,ACC01061,14,698.55,False
ORD005279,ACC01061,48,2037.11,False
ORD005280,ACC01061,26,476.86,False
ORD005281,ACC01061,52,1797.55,False
ORD005282,ACC01062,56,308.68,False
ORD005283,ACC01062,15,83.95,False
ORD005284,ACC01062,33,660.63,False
ORD005285,ACC01062,31,466.12,True
ORD005286,ACC01062,46,779.0,False
ORD005287,ACC01062,45,2032.2,False
ORD005288,ACC01062,59,617.52,True
ORD005289,ACC01062,4,1430.8,True
ORD005290,ACC01062,49,133.77,False
ORD005291,ACC01062,48,2628.23,False
ORD005292,ACC01063,27,1886.85,False
ORD005293,ACC01063,3,913.48,True
ORD005294,ACC01063,53,1272.33,False
ORD005295,ACC01063,37,38.18,False
ORD005296,ACC01063,18,1596.8,False
ORD005297,ACC01063,32,1460.54,True
ORD005298,ACC01063,54,1250.76,True
ORD005299,ACC01063,50,482.45,False
ORD005300,ACC01064,43,147.1,False
ORD005301,ACC01064,49,726.29,False
ORD005302,ACC01064,43,591.28,False
ORD005303,ACC01064,36,2767.98,False
ORD005304,ACC01064,20,2987.43,False
ORD005305,ACC01064,4,1063.17,False
ORD005306,ACC01065,59,1110.99,False
ORD005307,ACC01065,30,175.8,True
ORD005308,ACC01065,35,1620.89,False
ORD005309,ACC01065,48,2700.76,False
ORD005310,ACC01066,0,753.45,False
ORD005311,ACC01066,11,814.84,False
ORD005312,ACC01066,31,1015.73,False
ORD005313,ACC01066,22,523.87,False
ORD005314,ACC01066,2,413.09,False
ORD005315,ACC01066,21,1310.05,False
ORD005316,ACC01067,41,1952.87,False
ORD005317,ACC01067,29,1458.31,False
ORD005318,ACC01067,40,1743.68,False
ORD005319,ACC01067,15,789.28,False
ORD005320,ACC01067,10,678.55,False
ORD005321,ACC01067,33,205.61,False
ORD005322,ACC01068,16,1478.99,False
ORD005323,ACC01068,9,388.23,False
ORD005324,ACC01068,5,2605.98,False
ORD005325,ACC01068,53,576.95,False
ORD005326,ACC01068,39,420.63,False
ORD005327,ACC01069,49,255.35,False
ORD005328,ACC01069,55,602.3,False
ORD005329,ACC01069,0,732.99,False
ORD005330,ACC01069,48,1389.56,False
ORD005331,ACC01069,31,359.53,False
ORD005332,ACC01069,41,914.28,False
ORD005333,ACC01069,56,814.13,False
ORD005334,ACC01070,1,1160.2,False
ORD005335,ACC01070,33,872.93,False
ORD005336,ACC01070,53,638.97,False
ORD005337,ACC01070,44,2559.87,False
ORD005338,ACC01070,41,547.25,False
ORD005339,ACC01071,35,365.66,False
ORD005340,ACC01071,7,639.16,False
ORD005341,ACC01071,59,1319.42,False
ORD005342,ACC01071,32,1589.08,False
ORD005343,ACC01071,57,499.79,False
ORD005344,ACC01071,54,471.51,False
ORD005345,ACC01072,59,1104.43,False
ORD005346,ACC01072,52,1736.06,False
ORD005347,ACC01072,14,1012.45,False
ORD005348,ACC01072,31,1136.18,False
ORD005349,ACC01072,55,1029.94,False
ORD005350,ACC01073,5,570.86,False
ORD005351,ACC01073,53,674.8,False
ORD005352,ACC01074,23,163.29,False
ORD005353,ACC01074,32,1077.99,False
ORD005354,ACC01074,31,756.07,False
ORD005355,ACC01074,4,572.54,False
ORD005356,ACC01074,2,711.96,False
ORD005357,ACC01074,49,731.82,False
ORD005358,ACC01074,34,1083.75,False
ORD005359,ACC01075,2,423.9,False
ORD005360,ACC01075,44,64.02,False
ORD005361,ACC01075,6,999.3,False
ORD005362,ACC01075,0,1074.13,False
ORD005363,ACC01075,24,574.04,False
ORD005364,ACC01076,14,2867.63,False
ORD005365,ACC01076,53,673.82,True
ORD005366,ACC01076,29,798.85,True
ORD005367,ACC01076,41,1205.99,True
ORD005368,ACC01076,12,906.49,False
ORD005369,ACC01077,27,443.18,False
ORD005370,ACC01077,18,585.15,False
ORD005371,ACC01077,36,243.92,False
ORD005372,ACC01077,52,910.59,False
ORD005373,ACC01077,6,120.04,True
ORD005374,ACC01078,53,289.18,False
ORD005375,ACC01078,58,1066.88,False
ORD005376,ACC01078,50,773.39,False
ORD005377,ACC01079,25,867.55,True
ORD005378,ACC01079,56,349.98,False
ORD005379,ACC01079,56,415.58,False
ORD005380,ACC01079,49,183.88,False
ORD005381,ACC01079,47,859.75,False
ORD005382,ACC01079,20,3866.72,False
ORD005383,ACC01080,52,436.11,False
ORD005384,ACC01080,23,1767.34,False
ORD005385,ACC01080,6,262.17,False
ORD005386,ACC01080,19,620.28,False
ORD005387,ACC01080,40,280.34,False
ORD005388,ACC01080,30,222.29,False
ORD005389,ACC01081,3,888.85,False
ORD005390,ACC01081,37,581.39,False
ORD005391,ACC01081,5,319.43,False
ORD005392,ACC01081,11,309.32,False
ORD005393,ACC01082,14,642.0,False
ORD005394,ACC01082,30,1337.96,False
ORD005395,ACC01082,43,529.9,False
ORD005396,ACC01082,39,265.52,True
ORD005397,ACC01082,10,1407.9,True
ORD005398,ACC01083,13,1163.41,True
ORD005399,ACC01083,26,683.86,False
ORD005400,ACC01083,41,1780.1,False
ORD005401,ACC01083,52,745.62,False
ORD005402,ACC01083,35,1737.55,False
ORD005403,ACC01083,2,167.35,False
ORD005404,ACC01083,5,1019.15,True
ORD005405,ACC01083,26,123.11,False
ORD005406,ACC01083,36,152.62,False
ORD005407,ACC01084,49,724.16,False
ORD005408,ACC01084,19,275.59,True
ORD005409,ACC01084,19,163.2,False
ORD005410,ACC01084,39,1214.65,False
ORD005411,ACC01084,45,1289.47,False
ORD005412,ACC01085,3,1955.33,False
ORD005413,ACC01085,49,498.18,False
ORD005414,ACC01085,29,280.33,False
ORD005415,ACC01085,37,824.34,False
ORD005416,ACC01085,21,792.62,False
ORD005417,ACC01085,59,30.24,False
ORD005418,ACC01086,12,797.07,False
ORD005419,ACC01086,37,698.3,False
ORD005420,ACC01086,15,685.32,False
ORD005421,ACC01086,8,805.3,False
ORD005422,ACC01086,1,259.47,False
ORD005423,ACC01087,45,407.05,False
ORD005424,ACC01087,13,960.25,False
ORD005425,ACC01087,9,269.39,False
ORD005426,ACC01087,30,606.05,False
ORD005427,ACC01087,2,3442.01,False
ORD005428,ACC01088,50,140.76,True
ORD005429,ACC01088,57,243.66,False
ORD005430,ACC01088,53,843.65,False
ORD005431,ACC01088,39,658.8,False
ORD005432,ACC01089,37,386.2,False
ORD005433,ACC01089,57,225.4,False
ORD005434,ACC01089,39,954.15,False
ORD005435,ACC01089,36,2684.19,False
ORD005436,ACC01089,47,816.26,False
ORD005437,ACC01090,3,1149.81,False
ORD005438,ACC01090,40,204.37,False
ORD005439,ACC01091,49,56.66,False
ORD005440,ACC01091,16,988.91,False
ORD005441,ACC01091,15,455.05,False
ORD005442,ACC01091,42,759.87,False
ORD005443,ACC01091,58,1190.94,False
ORD005444,ACC01091,51,511.88,False
ORD005445,ACC01091,32,900.88,False
ORD005446,ACC01091,0,482.6,False
ORD005447,ACC01091,58,451.94,False
ORD005448,ACC01092,20,707.48,False
ORD005449,ACC01092,56,907.46,False
ORD005450,ACC01092,25,1078.33,False
ORD005451,ACC01092,51,689.09,False
ORD005452,ACC01093,5,534.67,False
ORD005453,ACC01093,33,1088.04,False
ORD005454,ACC01093,45,1181.83,False
ORD005455,ACC01093,25,718.85,False
ORD005456,ACC01094,6,771.98,False
ORD005457,ACC01094,31,240.35,False
ORD005458,ACC01094,28,153.28,False
ORD005459,ACC01094,8,1048.16,False
ORD005460,ACC01094,16,1022.87,False
ORD005461,ACC01094,37,1157.28,False
ORD005462,ACC01094,59,1044.97,False
ORD005463,ACC01095,7,2347.3,False
ORD005464,ACC01095,27,944.52,False
ORD005465,ACC01095,40,56.36,False
ORD005466,ACC01095,31,1115.27,False
ORD005467,ACC01095,43,139.62,False
ORD005468,ACC01096,11,529.93,False
ORD005469,ACC01096,7,1470.15,True
ORD005470,ACC01096,59,1379.95,False
ORD005471,ACC01096,1,392.54,False
ORD005472,ACC01096,22,1121.35,False
ORD005473,ACC01097,33,2092.46,False
ORD005474,ACC01097,37,791.26,False
ORD005475,ACC01097,3,238.15,False
ORD005476,ACC01097,7,1176.99,False
ORD005477,ACC01097,28,1027.56,False
ORD005478,ACC01097,34,274.52,False
ORD005479,ACC01097,3,213.15,False
ORD005480,ACC01097,27,1176.0,False
ORD005481,ACC01098,10,473.4,False
ORD005482,ACC01098,25,778.42,False
ORD005483,ACC01098,25,263.16,False
ORD005484,ACC01098,55,642.99,False
ORD005485,ACC01098,58,577.71,False
ORD005486,ACC01098,8,2369.89,False
ORD005487,ACC01099,51,739.71,True
ORD005488,ACC01099,1,619.94,True
ORD005489,ACC01099,57,831.86,True
ORD005490,ACC01099,56,1113.24,False
ORD005491,ACC01099,57,402.35,True
ORD005492,ACC01099,46,1190.13,False
ORD005493,ACC01100,59,494.53,False
ORD005494,ACC01100,53,1826.37,False
ORD005495,ACC01100,27,921.17,False
ORD005496,ACC01100,46,332.19,False
ORD005497,ACC01100,47,841.18,False
ORD005498,ACC01100,30,116.88,False
ORD005499,ACC01100,44,660.72,False
ORD005500,ACC01101,35,1761.14,False
ORD005501,ACC01101,2,1127.8,False
ORD005502,ACC01102,18,1166.36,False
ORD005503,ACC01102,15,1219.9,False
ORD005504,ACC01102,10,130.2,False
ORD005505,ACC01103,34,1468.88,False
ORD005506,ACC01103,53,531.33,False
ORD005507,ACC01103,55,702.42,False
ORD005508,ACC01103,29,1121.78,False
ORD005509,ACC01103,10,497.16,False
ORD005510,ACC01103,33,512.45,False
ORD005511,ACC01103,4,1932.5,False
ORD005512,ACC01103,42,233.92,False
ORD005513,ACC01103,16,448.74,False
ORD005514,ACC01103,11,120.71,False
ORD005515,ACC01104,48,965.32,False
ORD005516,ACC01104,37,301.1,False
ORD005517,ACC01104,31,442.76,True
ORD005518,ACC01104,7,1247.25,False
ORD005519,ACC01104,23,757.35,False
ORD005520,ACC01104,58,588.6,False
ORD005521,ACC01104,5,133.65,False
ORD005522,ACC01104,13,707.14,False
ORD005523,ACC01105,42,539.78,False
ORD005524,ACC01105,42,1357.37,True
ORD005525,ACC01105,2,1213.74,False
ORD005526,ACC01105,50,859.67,False
ORD005527,ACC01105,11,928.24,False
ORD005528,ACC01106,43,447.6,False
ORD005529,ACC01106,40,777.55,False
ORD005530,ACC01106,13,1111.13,False
ORD005531,ACC01106,46,3170.06,False
ORD005532,ACC01106,17,450.06,False
ORD005533,ACC01106,29,2406.24,False
ORD005534,ACC01107,6,1996.01,False
ORD005535,ACC01107,42,1270.26,False
ORD005536,ACC01107,49,593.67,True
ORD005537,ACC01107,46,883.71,True
ORD005538,ACC01108,44,694.62,False
ORD005539,ACC01108,43,293.33,False
ORD005540,ACC01108,7,3275.15,False
ORD005541,ACC01108,6,1074.82,False
ORD005542,ACC01109,49,508.15,False
ORD005543,ACC01109,49,1144.26,False
ORD005544,ACC01109,8,1964.85,False
ORD005545,ACC01109,44,1547.3,False
ORD005546,ACC01109,1,2762.11,False
ORD005547,ACC01109,30,359.38,False
ORD005548,ACC01109,34,263.79,False
ORD005549,ACC01109,24,190.25,False
ORD005550,ACC01109,52,479.76,False
ORD005551,ACC01110,38,1179.12,False
ORD005552,ACC01110,12,374.14,False
ORD005553,ACC01110,34,1008.77,False
ORD005554,ACC01110,47,296.0,False
ORD005555,ACC01111,34,516.9,False
ORD005556,ACC01111,16,913.08,False
ORD005557,ACC01111,16,1240.55,False
ORD005558,ACC01111,6,1414.05,False
ORD005559,ACC01111,56,755.59,False
ORD005560,ACC01111,48,46.41,False
ORD005561,ACC01111,11,32.09,False
ORD005562,ACC01111,23,546.66,True
ORD005563,ACC01111,22,613.85,True
ORD005564,ACC01112,34,422.78,False
ORD005565,ACC01112,5,1097.31,False
ORD005566,ACC01112,7,770.69,False
ORD005567,ACC01112,43,2037.96,False
ORD005568,ACC01112,24,359.06,False
ORD005569,ACC01112,34,1125.16,False
ORD005570,ACC01112,48,1499.5,False
ORD005571,ACC01112,16,353.44,False
ORD005572,ACC01112,53,2030.92,False
ORD005573,ACC01113,14,2980.88,False
ORD005574,ACC01114,49,570.86,False
ORD005575,ACC01114,14,1285.68,False
ORD005576,ACC01114,22,400.48,False
ORD005577,ACC01114,1,1880.45,False
ORD005578,ACC01115,35,705.18,False
ORD005579,ACC01115,33,656.43,False
ORD005580,ACC01115,47,1091.56,False
ORD005581,ACC01115,13,1147.05,False
ORD005582,ACC01115,58,755.98,False
ORD005583,ACC01116,24,1457.75,False
ORD005584,ACC01116,24,381.03,True
ORD005585,ACC01116,8,1170.22,False
ORD005586,ACC01116,8,356.81,False
ORD005587,ACC01117,6,132.52,False
ORD005588,ACC01117,41,1317.62,False
ORD005589,ACC01117,10,1491.2,False
ORD005590,ACC01117,32,1172.59,True
ORD005591,ACC01117,59,669.36,True
ORD005592,ACC01118,35,1710.51,False
ORD005593,ACC01118,34,200.04,False
ORD005594,ACC01118,37,1639.4,False
ORD005595,ACC01119,29,1630.1,False
ORD005596,ACC01119,10,688.42,False
ORD005597,ACC01119,31,569.3,False
ORD005598,ACC01119,40,294.78,False
ORD005599,ACC01119,44,360.57,False
ORD005600,ACC01119,29,635.81,False
ORD005601,ACC01119,7,1108.55,False
ORD005602,ACC01120,36,285.72,False
ORD005603,ACC01120,57,416.57,False
ORD005604,ACC01120,8,631.94,False
ORD005605,ACC01120,31,410.46,False
ORD005606,ACC01120,46,3611.15,False
ORD005607,ACC01120,20,718.89,True
ORD005608,ACC01120,50,2061.57,False
ORD005609,ACC01120,6,518.13,True
ORD005610,ACC01120,51,632.43,False
ORD005611,ACC01120,3,330.02,False
ORD005612,ACC01121,12,1414.1,False
ORD005613,ACC01121,50,51.74,False
ORD005614,ACC01121,42,1390.29,False
ORD005615,ACC01121,18,1461.16,False
ORD005616,ACC01121,49,536.31,False
ORD005617,ACC01121,43,189.76,True
ORD005618,ACC01121,16,1437.65,False
ORD005619,ACC01122,15,271.4,False
ORD005620,ACC01122,1,1960.01,True
ORD005621,ACC01122,2,565.51,True
ORD005622,ACC01123,4,222.27,False
ORD005623,ACC01123,7,203.05,True
ORD005624,ACC01123,19,503.88,False
ORD005625,ACC01123,25,423.99,False
ORD005626,ACC01123,59,682.03,False
ORD005627,ACC01123,55,1044.31,False
ORD005628,ACC01123,46,854.62,False
ORD005629,ACC01123,12,260.11,False
ORD005630,ACC01123,31,2467.68,False
ORD005631,ACC01124,28,669.6,False
ORD005632,ACC01124,14,692.4,False
ORD005633,ACC01124,36,248.64,True
ORD005634,ACC01124,24,1017.45,False
ORD005635,ACC01124,52,1391.65,False
ORD005636,ACC01125,53,115.76,False
ORD005637,ACC01125,38,76.81,False
ORD005638,ACC01125,36,1397.98,True
ORD005639,ACC01125,20,2437.36,False
ORD005640,ACC01126,15,485.37,False
ORD005641,ACC01126,15,1308.45,False
ORD005642,ACC01126,54,1630.99,False
ORD005643,ACC01127,5,1100.69,False
ORD005644,ACC01127,22,568.29,False
ORD005645,ACC01127,42,1134.85,False
ORD005646,ACC01127,28,850.04,False
ORD005647,ACC01127,27,887.44,False
ORD005648,ACC01127,3,1834.03,False
ORD005649,ACC01128,37,765.16,False
ORD005650,ACC01128,51,319.56,False
ORD005651,ACC01128,12,2805.84,False
ORD005652,ACC01128,59,372.59,False
ORD005653,ACC01128,16,447.76,False
ORD005654,ACC01128,28,506.41,True
ORD005655,ACC01128,35,2589.56,False
ORD005656,ACC01128,17,33.64,False
ORD005657,ACC01129,9,1091.15,False
ORD005658,ACC01129,35,428.96,False
ORD005659,ACC01129,56,24.1,False
ORD005660,ACC01129,58,513.5,False
ORD005661,ACC01129,45,332.01,False
ORD005662,ACC01129,38,935.23,False
ORD005663,ACC01129,27,862.1,False
ORD005664,ACC01130,56,294.01,False
ORD005665,ACC01130,29,1146.37,False
ORD005666,ACC01130,51,915.48,False
ORD005667,ACC01130,44,418.03,False
ORD005668,ACC01130,28,1361.6,False
ORD005669,ACC01131,11,293.93,False
ORD005670,ACC01131,59,445.09,True
ORD005671,ACC01131,50,558.84,False
ORD005672,ACC01132,23,602.64,False
ORD005673,ACC01132,15,1374.68,True
ORD005674,ACC01133,44,3958.67,False
ORD005675,ACC01133,47,1152.28,False
ORD005676,ACC01133,25,1003.81,False
ORD005677,ACC01133,6,450.17,False
ORD005678,ACC01134,27,1656.87,False
ORD005679,ACC01134,11,923.69,False
ORD005680,ACC01134,51,241.8,False
ORD005681,ACC01134,24,994.21,False
ORD005682,ACC01134,8,320.39,False
ORD005683,ACC01135,32,928.77,False
ORD005684,ACC01135,51,266.67,False
ORD005685,ACC01135,59,2793.49,False
ORD005686,ACC01135,54,1001.8,False
ORD005687,ACC01136,23,274.3,False
ORD005688,ACC01136,22,1005.06,False
ORD005689,ACC01136,14,591.04,True
ORD005690,ACC01136,44,270.28,False
ORD005691,ACC01136,38,1338.55,False
ORD005692,ACC01136,38,95.14,False
ORD005693,ACC01137,53,479.5,False
ORD005694,ACC01137,4,391.09,False
ORD005695,ACC01137,17,1500.84,False
ORD005696,ACC01137,28,473.12,False
ORD005697,ACC01137,20,932.02,False
ORD005698,ACC01138,10,413.07,False
ORD005699,ACC01138,16,577.76,False
ORD005700,ACC01138,49,1124.09,False
ORD005701,ACC01138,44,398.92,False
ORD005702,ACC01139,57,864.67,False
ORD005703,ACC01139,7,489.03,False
ORD005704,ACC01139,2,600.73,False
ORD005705,ACC01139,21,1076.16,False
ORD005706,ACC01139,1,714.35,False
ORD005707,ACC01140,44,1290.08,False
ORD005708,ACC01140,32,866.07,False
ORD005709,ACC01140,37,1177.38,False
ORD005710,ACC01140,26,892.76,False
ORD005711,ACC01141,8,345.62,False
ORD005712,ACC01141,42,396.3,False
ORD005713,ACC01141,11,781.03,False
ORD005714,ACC01141,5,185.59,False
ORD005715,ACC01142,3,179.13,False
ORD005716,ACC01142,52,607.7,False
ORD005717,ACC01142,47,925.54,False
ORD005718,ACC01142,40,1504.13,False
ORD005719,ACC01142,44,453.52,False
ORD005720,ACC01142,47,294.25,False
ORD005721,ACC01143,44,493.18,False
ORD005722,ACC01143,44,1144.56,False
ORD005723,ACC01143,9,898.76,True
ORD005724,ACC01143,58,451.98,True
ORD005725,ACC01143,2,288.15,False
ORD005726,ACC01143,7,536.51,False
ORD005727,ACC01143,12,1137.62,False
ORD005728,ACC01143,43,72.04,False
ORD005729,ACC01144,52,217.38,False
ORD005730,ACC01144,43,1819.27,False
ORD005731,ACC01144,40,1408.48,False
ORD005732,ACC01144,48,1468.71,False
ORD005733,ACC01144,18,439.91,False
ORD005734,ACC01145,54,1433.19,False
ORD005735,ACC01145,37,1264.65,False
ORD005736,ACC01145,54,2741.74,False
ORD005737,ACC01145,33,1641.84,False
ORD005738,ACC01145,57,472.19,False
ORD005739,ACC01146,48,1322.16,True
ORD005740,ACC01146,59,1028.36,False
ORD005741,ACC01146,31,300.55,False
ORD005742,ACC01146,58,139.8,False
ORD005743,ACC01146,0,903.5,False
ORD005744,ACC01146,49,325.9,False
ORD005745,ACC01147,12,232.31,True
ORD005746,ACC01147,52,1701.64,True
ORD005747,ACC01147,40,1194.63,False
ORD005748,ACC01147,45,172.38,False
ORD005749,ACC01148,24,1722.05,False
ORD005750,ACC01148,55,795.39,False
ORD005751,ACC01148,47,481.67,True
ORD005752,ACC01149,51,1018.86,False
ORD005753,ACC01149,34,643.53,False
ORD005754,ACC01149,56,440.65,False
ORD005755,ACC01149,22,705.51,False
ORD005756,ACC01149,1,362.38,False
ORD005757,ACC01149,46,628.77,False
ORD005758,ACC01149,46,233.71,True
ORD005759,ACC01150,3,125.24,False
ORD005760,ACC01150,48,1679.94,False
ORD005761,ACC01150,27,2436.39,False
ORD005762,ACC01150,0,787.73,False
ORD005763,ACC01151,15,535.89,False
ORD005764,ACC01151,56,753.11,False
ORD005765,ACC01151,43,223.03,False
ORD005766,ACC01151,38,2172.47,False
ORD005767,ACC01151,36,524.33,False
ORD005768,ACC01151,55,609.23,False
ORD005769,ACC01151,32,1126.48,False
ORD005770,ACC01151,24,1854.69,False
ORD005771,ACC01151,23,1626.23,False
ORD005772,ACC01151,31,1232.65,False
ORD005773,ACC01151,13,697.92,False
ORD005774,ACC01151,57,746.72,False
ORD005775,ACC01152,55,304.15,False
ORD005776,ACC01152,31,843.5,False
ORD005777,ACC01152,33,691.46,False
ORD005778,ACC01152,59,710.92,False
ORD005779,ACC01153,50,1874.29,True
ORD005780,ACC01153,18,562.38,False
ORD005781,ACC01153,42,400.59,False
ORD005782,ACC01153,8,456.04,False
ORD005783,ACC01153,22,1376.77,False
ORD005784,ACC01154,22,813.53,False
ORD005785,ACC01154,14,1647.16,False
ORD005786,ACC01154,41,504.67,False
ORD005787,ACC01154,48,1377.75,False
ORD005788,ACC01154,12,415.29,False
ORD005789,ACC01154,29,472.04,False
ORD005790,ACC01154,53,3476.21,False
ORD005791,ACC01155,59,824.57,False
ORD005792,ACC01155,23,366.54,False
ORD005793,ACC01155,42,213.19,False
ORD005794,ACC01155,58,254.26,False
ORD005795,ACC01155,39,1778.62,True
ORD005796,ACC01155,37,465.03,False
ORD005797,ACC01156,28,483.7,False
ORD005798,ACC01156,39,1729.02,False
ORD005799,ACC01156,23,212.37,False
ORD005800,ACC01156,8,545.57,False
ORD005801,ACC01156,33,247.91,True
ORD005802,ACC01156,27,2654.73,False
ORD005803,ACC01156,39,625.85,False
ORD005804,ACC01157,24,163.59,False
ORD005805,ACC01157,6,2259.42,False
ORD005806,ACC01157,33,1648.92,False
ORD005807,ACC01157,38,527.65,False
ORD005808,ACC01157,34,774.83,False
ORD005809,ACC01157,56,1333.15,False
ORD005810,ACC01157,42,418.12,False
ORD005811,ACC01157,2,510.68,False
ORD005812,ACC01158,21,779.04,False
ORD005813,ACC01158,0,351.14,True
ORD005814,ACC01159,25,621.43,False
ORD005815,ACC01159,48,651.66,False
ORD005816,ACC01159,9,678.2,False
ORD005817,ACC01159,12,140.59,False
ORD005818,ACC01159,55,408.12,False
ORD005819,ACC01159,7,459.94,True
ORD005820,ACC01160,35,318.52,False
ORD005821,ACC01160,58,1822.45,False
ORD005822,ACC01160,34,2201.54,False
ORD005823,ACC01160,16,528.52,False
ORD005824,ACC01160,40,838.62,False
ORD005825,ACC01161,56,683.29,False
ORD005826,ACC01161,33,1087.0,False
ORD005827,ACC01161,7,363.48,False
ORD005828,ACC01161,41,766.71,False
ORD005829,ACC01161,12,344.58,False
ORD005830,ACC01162,15,687.68,False
ORD005831,ACC01162,35,1378.48,False
ORD005832,ACC01162,1,626.08,False
ORD005833,ACC01162,26,476.99,False
ORD005834,ACC01162,8,1545.36,False
ORD005835,ACC01163,17,227.22,False
ORD005836,ACC01163,54,398.37,False
ORD005837,ACC01163,44,1775.79,False
ORD005838,ACC01163,53,629.8,False
ORD005839,ACC01164,11,898.29,False
ORD005840,ACC01164,59,426.18,False
ORD005841,ACC01164,28,730.67,False
ORD005842,ACC01165,56,263.54,False
ORD005843,ACC01165,2,119.49,False
ORD005844,ACC01165,19,267.57,False
ORD005845,ACC01165,24,261.29,False
ORD005846,ACC01166,35,516.55,False
ORD005847,ACC01166,36,722.12,False
ORD005848,ACC01166,27,961.22,False
ORD005849,ACC01166,4,1104.8,False
ORD005850,ACC01166,55,39.79,False
ORD005851,ACC01166,41,1009.74,False
ORD005852,ACC01167,47,324.26,False
ORD005853,ACC01167,45,325.79,False
ORD005854,ACC01167,52,345.39,True
ORD005855,ACC01167,5,462.68,False
ORD005856,ACC01168,36,496.19,True
ORD005857,ACC01168,3,298.22,False
ORD005858,ACC01168,51,1155.35,True
ORD005859,ACC01168,54,284.47,False
ORD005860,ACC01168,38,1679.8,False
ORD005861,ACC01168,47,323.97,False
ORD005862,ACC01168,2,998.98,False
ORD005863,ACC01169,43,1379.45,False
ORD005864,ACC01169,59,627.14,False
ORD005865,ACC01169,13,424.78,False
ORD005866,ACC01169,52,619.36,False
ORD005867,ACC01169,2,201.28,False
ORD005868,ACC01170,51,559.01,False
ORD005869,ACC01170,27,395.64,False
ORD005870,ACC01170,25,2175.78,False
ORD005871,ACC01170,47,317.12,False
ORD005872,ACC01170,33,1268.34,True
ORD005873,ACC01170,28,198.63,True
ORD005874,ACC01170,48,1156.61,True
ORD005875,ACC01171,47,330.75,True
ORD005876,ACC01171,23,1384.64,False
ORD005877,ACC01171,51,379.47,False
ORD005878,ACC01171,3,701.24,False
ORD005879,ACC01171,31,1194.69,False
ORD005880,ACC01172,18,1072.44,False
ORD005881,ACC01172,4,996.15,False
ORD005882,ACC01172,28,814.08,False
ORD005883,ACC01172,57,1676.37,False
ORD005884,ACC01172,58,782.8,False
ORD005885,ACC01173,35,702.38,True
ORD005886,ACC01173,37,110.35,False
ORD005887,ACC01173,47,1126.55,False
ORD005888,ACC01173,8,685.49,False
ORD005889,ACC01174,12,299.79,False
ORD005890,ACC01174,14,635.92,False
ORD005891,ACC01174,11,1742.09,False
ORD005892,ACC01174,27,271.63,False
ORD005893,ACC01174,38,1998.59,False
ORD005894,ACC01174,11,1607.13,False
ORD005895,ACC01174,18,308.97,False
ORD005896,ACC01174,44,1020.65,True
ORD005897,ACC01175,14,129.0,False
ORD005898,ACC01175,9,1380.13,False
ORD005899,ACC01175,5,64.38,False
ORD005900,ACC01175,37,597.17,False
ORD005901,ACC01176,50,1397.9,False
ORD005902,ACC01176,7,864.58,True
ORD005903,ACC01176,58,1395.77,False
ORD005904,ACC01177,15,862.2,False
ORD005905,ACC01177,10,1889.21,False
ORD005906,ACC01178,4,1050.67,False
ORD005907,ACC01178,21,1040.04,False
ORD005908,ACC01178,50,139.46,False
ORD005909,ACC01178,54,933.17,False
ORD005910,ACC01178,38,261.63,False
ORD005911,ACC01179,8,583.3,False
ORD005912,ACC01179,33,1946.28,False
ORD005913,ACC01179,51,2041.63,False
ORD005914,ACC01179,1,538.94,False
ORD005915,ACC01179,5,245.52,False
ORD005916,ACC01180,31,786.31,False
ORD005917,ACC01180,8,1095.71,False
ORD005918,ACC01180,2,1725.44,False
ORD005919,ACC01180,34,2375.57,False
ORD005920,ACC01180,37,553.77,False
ORD005921,ACC01180,22,1240.52,False
ORD005922,ACC01180,53,512.71,False
ORD005923,ACC01181,2,1187.69,False
ORD005924,ACC01181,22,528.8,False
ORD005925,ACC01181,58,1584.89,False
ORD005926,ACC01182,58,722.03,False
ORD005927,ACC01182,21,2205.52,False
ORD005928,ACC01182,10,870.89,False
ORD005929,ACC01182,41,394.07,False
ORD005930,ACC01182,41,1562.77,False
ORD005931,ACC01182,38,209.34,False
ORD005932,ACC01183,50,1528.92,False
ORD005933,ACC01183,38,1271.55,False
ORD005934,ACC01183,38,1529.48,False
ORD005935,ACC01183,15,1217.34,False
ORD005936,ACC01183,9,1390.34,False
ORD005937,ACC01183,25,398.24,False
ORD005938,ACC01183,20,74.21,False
ORD005939,ACC01183,51,803.78,False
ORD005940,ACC01183,59,478.51,False
ORD005941,ACC01183,37,642.38,False
ORD005942,ACC01183,47,395.58,False
ORD005943,ACC01184,56,1025.39,False
ORD005944,ACC01184,40,311.73,False
ORD005945,ACC01184,38,1631.28,False
ORD005946,ACC01184,33,2484.74,False
ORD005947,ACC01185,25,240.75,False
ORD005948,ACC01185,57,726.16,False
ORD005949,ACC01185,21,1566.2,False
ORD005950,ACC01185,9,618.73,False
ORD005951,ACC01185,44,3106.61,False
ORD005952,ACC01185,28,2072.9,False
ORD005953,ACC01185,33,1551.26,False
ORD005954,ACC01186,11,221.44,False
ORD005955,ACC01186,6,316.83,False
ORD005956,ACC01186,53,213.94,False
ORD005957,ACC01186,41,941.16,False
ORD005958,ACC01186,20,791.74,False
ORD005959,ACC01186,34,955.57,False
ORD005960,ACC01187,51,838.37,False
ORD005961,ACC01187,54,1156.89,False
ORD005962,ACC01187,1,534.7,False
ORD005963,ACC01188,58,797.58,False
ORD005964,ACC01188,27,775.45,False
ORD005965,ACC01188,22,107.87,False
ORD005966,ACC01188,24,1404.27,False
ORD005967,ACC01188,23,314.3,False
ORD005968,ACC01189,14,278.16,False
ORD005969,ACC01189,46,591.41,False
ORD005970,ACC01189,41,895.95,False
ORD005971,ACC01189,12,3262.18,False
ORD005972,ACC01189,23,1188.88,False
ORD005973,ACC01189,22,651.92,False
ORD005974,ACC01190,49,1753.11,False
ORD005975,ACC01190,34,795.86,False
ORD005976,ACC01190,49,970.08,False
ORD005977,ACC01191,26,542.54,False
ORD005978,ACC01191,8,612.14,False
ORD005979,ACC01191,26,711.91,False
ORD005980,ACC01191,27,3122.46,False
ORD005981,ACC01191,4,1662.51,False
ORD005982,ACC01191,50,123.11,False
ORD005983,ACC01191,4,499.34,False
ORD005984,ACC01192,35,744.21,False
ORD005985,ACC01192,45,1562.81,False
ORD005986,ACC01192,49,452.92,False
ORD005987,ACC01192,54,518.09,False
ORD005988,ACC01193,38,898.22,False
ORD005989,ACC01193,57,394.66,False
ORD005990,ACC01193,47,2033.08,False
ORD005991,ACC01194,7,2799.29,False
ORD005992,ACC01194,36,980.42,False
ORD005993,ACC01194,17,101.44,False
ORD005994,ACC01194,33,475.53,False
ORD005995,ACC01194,6,840.13,False
ORD005996,ACC01194,22,711.56,False
ORD005997,ACC01194,22,1450.15,False
ORD005998,ACC01195,40,1092.01,False
ORD005999,ACC01195,5,339.91,False
ORD006000,ACC01195,9,953.32,False
ORD006001,ACC01195,39,1064.73,False
ORD006002,ACC01195,4,1612.37,False
ORD006003,ACC01196,49,979.12,False
ORD006004,ACC01196,11,1564.03,False
ORD006005,ACC01196,51,402.83,False
ORD006006,ACC01196,48,1616.39,False
ORD006007,ACC01197,46,524.92,False
ORD006008,ACC01197,12,805.73,False
ORD006009,ACC01197,48,3571.92,False
ORD006010,ACC01197,24,2215.38,False
ORD006011,ACC01197,48,567.01,False
ORD006012,ACC01197,49,943.45,False
ORD006013,ACC01198,0,1196.84,False
ORD006014,ACC01198,57,305.95,False
ORD006015,ACC01198,13,987.82,False
ORD006016,ACC01198,36,46.07,False
ORD006017,ACC01198,45,331.38,False
ORD006018,ACC01199,1,1011.72,False
ORD006019,ACC01199,30,1124.56,False
ORD006020,ACC01199,16,1222.72,False
ORD006021,ACC01199,22,807.37,False
ORD006022,ACC01199,19,441.75,False
ORD006023,ACC01200,33,615.16,False
ORD006024,ACC01200,5,381.89,False
ORD006025,ACC01200,11,2047.95,False
ORD006026,ACC01201,43,1254.38,False
ORD006027,ACC01201,59,360.99,False
ORD006028,ACC01201,8,2030.94,True
ORD006029,ACC01201,32,852.58,False
ORD006030,ACC01201,15,544.15,True
ORD006031,ACC01201,29,213.88,False
ORD006032,ACC01202,53,2129.15,False
ORD006033,ACC01202,24,125.93,False
ORD006034,ACC01202,50,1045.6,True
ORD006035,ACC01202,49,562.78,True
ORD006036,ACC01202,37,720.59,False
ORD006037,ACC01202,48,2488.96,True
ORD006038,ACC01203,6,1088.18,False
ORD006039,ACC01203,15,1168.27,False
ORD006040,ACC01204,6,512.11,False
ORD006041,ACC01204,49,123.66,False
ORD006042,ACC01204,45,1632.82,False
ORD006043,ACC01204,43,911.78,False
ORD006044,ACC01204,16,563.3,False
ORD006045,ACC01204,52,478.59,False
ORD006046,ACC01204,36,1057.25,False
ORD006047,ACC01204,11,711.03,False
ORD006048,ACC01205,41,1743.58,False
ORD006049,ACC01205,21,690.19,False
ORD006050,ACC01205,24,550.34,False
ORD006051,ACC01205,28,567.24,False
ORD006052,ACC01205,49,473.0,False
ORD006053,ACC01205,36,749.83,False
ORD006054,ACC01205,10,1126.68,False
ORD006055,ACC01206,16,315.97,False
ORD006056,ACC01206,51,838.79,False
ORD006057,ACC01206,31,1700.34,False
ORD006058,ACC01206,5,344.01,False
ORD006059,ACC01206,34,1537.93,False
ORD006060,ACC01206,15,1856.57,False
ORD006061,ACC01207,27,364.68,False
ORD006062,ACC01207,26,903.9,False
ORD006063,ACC01207,35,1413.28,False
ORD006064,ACC01207,22,1181.02,False
ORD006065,ACC01207,29,2013.22,False
ORD006066,ACC01208,8,1352.54,False
ORD006067,ACC01208,6,177.52,True
ORD006068,ACC01208,49,266.32,False
ORD006069,ACC01208,24,2081.24,False
ORD006070,ACC01208,43,1083.44,False
ORD006071,ACC01209,57,471.0,False
ORD006072,ACC01209,27,607.16,True
ORD006073,ACC01209,37,474.61,True
ORD006074,ACC01209,24,1068.04,False
ORD006075,ACC01209,7,2652.09,False
ORD006076,ACC01209,26,525.97,False
ORD006077,ACC01209,35,739.22,True
ORD006078,ACC01210,10,385.38,False
ORD006079,ACC01210,57,309.19,False
ORD006080,ACC01210,50,608.42,False
ORD006081,ACC01210,9,1393.8,False
ORD006082,ACC01210,12,257.8,False
ORD006083,ACC01210,11,1466.48,False
ORD006084,ACC01210,5,1920.81,False
ORD006085,ACC01211,21,613.57,False
ORD006086,ACC01211,32,366.29,False
ORD006087,ACC01212,21,2410.78,False
ORD006088,ACC01212,21,985.77,False
ORD006089,ACC01212,15,652.56,False
ORD006090,ACC01212,46,761.87,False
ORD006091,ACC01213,36,750.71,False
ORD006092,ACC01213,10,1112.14,True
ORD006093,ACC01213,16,954.07,False
ORD006094,ACC01213,5,223.29,False
ORD006095,ACC01213,50,1021.71,False
ORD006096,ACC01214,34,1419.82,False
ORD006097,ACC01214,25,85.29,False
ORD006098,ACC01214,32,962.24,False
ORD006099,ACC01215,55,734.82,False
ORD006100,ACC01215,55,1056.31,False
ORD006101,ACC01216,36,330.33,False
ORD006102,ACC01216,40,294.04,False
ORD006103,ACC01216,59,1089.22,False
ORD006104,ACC01216,2,1329.59,False
ORD006105,ACC01217,32,1766.44,False
ORD006106,ACC01217,4,1095.52,False
ORD006107,ACC01217,32,1448.73,False
ORD006108,ACC01217,52,330.31,False
ORD006109,ACC01218,27,2386.93,True
ORD006110,ACC01218,22,781.67,False
ORD006111,ACC01218,31,589.37,False
ORD006112,ACC01218,58,1648.32,False
ORD006113,ACC01218,52,1446.21,False
ORD006114,ACC01218,11,598.2,False
ORD006115,ACC01219,30,752.22,False
ORD006116,ACC01219,4,1114.89,False
ORD006117,ACC01219,42,499.93,False
ORD006118,ACC01219,25,917.96,False
ORD006119,ACC01219,7,1829.16,False
ORD006120,ACC01219,12,1936.36,False
ORD006121,ACC01220,53,1213.45,False
ORD006122,ACC01220,10,500.35,False
ORD006123,ACC01220,54,853.39,False
ORD006124,ACC01220,25,1635.76,False
ORD006125,ACC01220,30,558.7,False
ORD006126,ACC01220,39,350.22,False
ORD006127,ACC01221,53,952.84,False
ORD006128,ACC01221,51,293.58,False
ORD006129,ACC01221,2,617.9,False
ORD006130,ACC01221,24,746.21,False
ORD006131,ACC01221,57,1887.48,False
ORD006132,ACC01221,55,1009.26,False
ORD006133,ACC01221,32,977.12,False
ORD006134,ACC01222,39,506.38,False
ORD006135,ACC01222,47,504.08,False
ORD006136,ACC01222,59,475.36,False
ORD006137,ACC01222,17,1206.19,False
ORD006138,ACC01222,16,387.4,True
ORD006139,ACC01222,19,706.44,False
ORD006140,ACC01223,56,1694.59,False
ORD006141,ACC01223,25,1079.33,False
ORD006142,ACC01223,7,1014.79,False
ORD006143,ACC01223,53,590.1,False
ORD006144,ACC01223,36,926.66,False
ORD006145,ACC01223,7,511.76,False
ORD006146,ACC01224,12,1259.62,False
ORD006147,ACC01224,24,605.91,False
ORD006148,ACC01224,10,555.64,False
ORD006149,ACC01224,41,612.19,False
ORD006150,ACC01224,21,573.44,False
ORD006151,ACC01225,44,219.05,False
ORD006152,ACC01225,8,1248.12,False
ORD006153,ACC01225,34,1356.78,False
ORD006154,ACC01225,22,217.13,False
ORD006155,ACC01225,38,1185.53,False
ORD006156,ACC01226,55,1142.13,False
ORD006157,ACC01226,5,986.67,False
ORD006158,ACC01226,13,1033.92,False
ORD006159,ACC01226,43,1000.31,False
ORD006160,ACC01226,11,1231.71,False
ORD006161,ACC01226,59,370.58,False
ORD006162,ACC01226,56,1052.9,False
ORD006163,ACC01226,5,339.39,False
ORD006164,ACC01226,50,863.02,False
ORD006165,ACC01226,26,509.47,False
ORD006166,ACC01227,51,662.5,False
ORD006167,ACC01227,23,1088.09,False
ORD006168,ACC01227,48,375.35,False
ORD006169,ACC01227,42,2743.3,True
ORD006170,ACC01228,36,1478.3,False
ORD006171,ACC01228,42,891.08,False
ORD006172,ACC01228,31,701.39,False
ORD006173,ACC01228,54,665.27,False
ORD006174,ACC01228,7,349.4,False
ORD006175,ACC01229,48,2249.12,False
ORD006176,ACC01229,42,1207.65,False
ORD006177,ACC01229,0,285.95,False
ORD006178,ACC01229,56,988.38,False
ORD006179,ACC01229,40,997.01,False
ORD006180,ACC01230,36,610.74,True
ORD006181,ACC01230,10,1989.39,False
ORD006182,ACC01230,4,1370.19,True
ORD006183,ACC01231,9,748.03,False
ORD006184,ACC01231,26,399.09,True
ORD006185,ACC01231,14,124.65,False
ORD006186,ACC01232,2,620.48,False
ORD006187,ACC01232,51,671.68,False
ORD006188,ACC01232,44,147.55,False
ORD006189,ACC01233,50,284.29,False
ORD006190,ACC01233,31,800.79,False
ORD006191,ACC01233,37,341.02,False
ORD006192,ACC01233,41,374.6,False
ORD006193,ACC01233,46,542.61,False
ORD006194,ACC01234,54,1243.12,False
ORD006195,ACC01234,24,390.08,True
ORD006196,ACC01234,45,1335.47,False
ORD006197,ACC01235,57,315.75,False
ORD006198,ACC01235,50,691.07,False
ORD006199,ACC01235,58,1842.42,False
ORD006200,ACC01235,57,353.96,False
ORD006201,ACC01235,28,355.27,False
ORD006202,ACC01236,59,1070.63,False
ORD006203,ACC01236,55,987.83,False
ORD006204,ACC01236,19,236.66,False
ORD006205,ACC01236,23,402.55,False
ORD006206,ACC01237,48,641.74,False
ORD006207,ACC01237,4,2273.71,False
ORD006208,ACC01237,42,841.71,False
ORD006209,ACC01237,40,1718.33,False
ORD006210,ACC01237,47,3069.75,False
ORD006211,ACC01238,26,626.93,False
ORD006212,ACC01238,13,1472.67,False
ORD006213,ACC01238,14,58.91,False
ORD006214,ACC01238,42,1092.39,False
ORD006215,ACC01238,59,1810.67,False
ORD006216,ACC01238,5,952.79,False
ORD006217,ACC01239,39,246.43,False
ORD006218,ACC01239,16,320.89,False
ORD006219,ACC01239,43,608.47,False
ORD006220,ACC01239,31,481.22,False
ORD006221,ACC01239,10,286.86,False
ORD006222,ACC01240,5,867.6,False
ORD006223,ACC01240,14,568.3,False
ORD006224,ACC01240,23,496.52,False
ORD006225,ACC01241,10,563.29,False
ORD006226,ACC01241,57,970.45,False
ORD006227,ACC01241,31,440.33,True
ORD006228,ACC01241,28,1826.55,False
ORD006229,ACC01241,13,698.81,False
ORD006230,ACC01242,3,1701.25,False
ORD006231,ACC01242,56,497.95,True
ORD006232,ACC01242,49,1149.83,False
ORD006233,ACC01242,52,1067.85,True
ORD006234,ACC01242,26,1215.83,False
ORD006235,ACC01242,24,364.98,False
ORD006236,ACC01243,38,830.06,False
ORD006237,ACC01243,58,1156.96,False
ORD006238,ACC01243,8,948.31,False
ORD006239,ACC01243,15,676.19,False
ORD006240,ACC01243,46,688.98,False
ORD006241,ACC01244,47,648.94,True
ORD006242,ACC01244,43,701.32,False
ORD006243,ACC01244,0,1934.16,False
ORD006244,ACC01244,33,282.78,False
ORD006245,ACC01244,14,1131.52,False
ORD006246,ACC01244,23,2177.64,True
ORD006247,ACC01244,29,1461.98,False
ORD006248,ACC01244,11,2714.22,False
ORD006249,ACC01244,18,127.28,True
ORD006250,ACC01244,24,429.1,False
ORD006251,ACC01245,46,994.65,False
ORD006252,ACC01245,0,878.8,False
ORD006253,ACC01245,56,1756.76,False
ORD006254,ACC01245,37,418.0,True
ORD006255,ACC01245,24,937.64,False
ORD006256,ACC01246,32,828.76,False
ORD006257,ACC01246,42,370.31,False
ORD006258,ACC01246,50,1411.57,True
ORD006259,ACC01246,9,670.58,False
ORD006260,ACC01246,35,1316.58,False
ORD006261,ACC01247,47,1182.65,False
ORD006262,ACC01247,54,787.45,False
ORD006263,ACC01247,3,900.38,False
ORD006264,ACC01247,22,449.35,False
ORD006265,ACC01247,5,1174.16,False
ORD006266,ACC01247,53,972.32,False
ORD006267,ACC01248,50,138.45,False
ORD006268,ACC01248,30,1164.39,False
ORD006269,ACC01248,31,203.08,False
ORD006270,ACC01248,30,443.97,False
ORD006271,ACC01248,59,950.33,False
ORD006272,ACC01249,51,652.04,False
ORD006273,ACC01249,7,1064.8,False
ORD006274,ACC01249,30,49.89,False
ORD006275,ACC01249,16,1363.35,False
ORD006276,ACC01250,3,1260.87,False
ORD006277,ACC01250,34,680.31,False
ORD006278,ACC01250,29,2473.0,False
ORD006279,ACC01250,24,1055.69,False
ORD006280,ACC01251,57,1435.23,False
ORD006281,ACC01251,41,1036.21,False
ORD006282,ACC01252,18,118.18,False
ORD006283,ACC01252,53,447.89,False
ORD006284,ACC01252,30,491.83,False
ORD006285,ACC01253,15,1299.62,True
ORD006286,ACC01253,10,1045.33,True
ORD006287,ACC01253,50,185.67,False
ORD006288,ACC01253,59,731.0,False
ORD006289,ACC01253,31,1403.5,False
ORD006290,ACC01253,22,1301.9,True
ORD006291,ACC01253,24,510.79,False
ORD006292,ACC01253,3,716.15,False
ORD006293,ACC01253,3,1736.66,False
ORD006294,ACC01253,22,1508.32,True
ORD006295,ACC01253,12,1463.32,False
ORD006296,ACC01253,17,742.17,True
ORD006297,ACC01254,19,331.86,False
ORD006298,ACC01254,1,1058.13,False
ORD006299,ACC01254,21,776.72,False
ORD006300,ACC01254,3,242.91,False
ORD006301,ACC01254,55,2682.99,False
ORD006302,ACC01255,4,655.59,False
ORD006303,ACC01255,39,286.29,False
ORD006304,ACC01255,28,2364.59,False
ORD006305,ACC01255,23,797.2,False
ORD006306,ACC01256,22,744.86,False
ORD006307,ACC01256,21,3967.14,False
ORD006308,ACC01257,50,668.92,False
ORD006309,ACC01257,14,604.99,False
ORD006310,ACC01257,29,252.11,False
ORD006311,ACC01257,4,344.9,False
ORD006312,ACC01258,40,1945.1,False
ORD006313,ACC01258,10,1136.63,False
ORD006314,ACC01258,55,1275.23,False
ORD006315,ACC01258,7,923.79,False
ORD006316,ACC01258,41,319.82,False
ORD006317,ACC01258,58,1356.05,False
ORD006318,ACC01259,41,295.55,False
ORD006319,ACC01259,10,1336.35,False
ORD006320,ACC01259,56,1566.32,False
ORD006321,ACC01259,12,852.8,False
ORD006322,ACC01259,25,589.71,False
ORD006323,ACC01260,35,924.66,False
ORD006324,ACC01260,2,1260.59,False
ORD006325,ACC01260,19,244.76,False
ORD006326,ACC01261,27,532.05,False
ORD006327,ACC01261,12,202.19,False
ORD006328,ACC01262,47,2561.33,False
ORD006329,ACC01262,58,97.32,False
ORD006330,ACC01262,40,1356.46,False
ORD006331,ACC01262,31,1313.68,False
ORD006332,ACC01262,41,324.18,False
ORD006333,ACC01262,14,1377.89,False
ORD006334,ACC01262,52,1917.04,False
ORD006335,ACC01262,2,241.0,False
ORD006336,ACC01263,48,113.77,False
ORD006337,ACC01263,7,383.06,False
ORD006338,ACC01263,32,2110.1,False
ORD006339,ACC01263,28,1236.05,False
ORD006340,ACC01264,22,58.84,False
ORD006341,ACC01264,35,946.7,False
ORD006342,ACC01265,38,302.59,False
ORD006343,ACC01265,27,279.85,True
ORD006344,ACC01265,48,638.54,False
ORD006345,ACC01265,49,768.3,False
ORD006346,ACC01266,13,199.06,False
ORD006347,ACC01266,19,1064.59,False
ORD006348,ACC01266,17,130.56,False
ORD006349,ACC01266,7,176.12,False
ORD006350,ACC01266,54,1003.3,False
ORD006351,ACC01267,34,1214.52,False
ORD006352,ACC01267,40,188.93,False
ORD006353,ACC01267,40,265.9,False
ORD006354,ACC01267,16,1081.09,False
ORD006355,ACC01267,2,705.39,False
ORD006356,ACC01268,42,2635.07,True
ORD006357,ACC01268,1,660.98,False
ORD006358,ACC01268,54,1757.76,False
ORD006359,ACC01268,8,1989.77,False
ORD006360,ACC01268,36,151.42,False
ORD006361,ACC01269,13,1037.79,False
ORD006362,ACC01270,3,484.4,False
ORD006363,ACC01270,34,1246.66,False
ORD006364,ACC01270,22,1280.8,False
ORD006365,ACC01270,25,384.13,False
ORD006366,ACC01270,36,785.39,False
ORD006367,ACC01270,22,858.48,False
ORD006368,ACC01270,59,1086.54,False
ORD006369,ACC01270,43,2578.56,False
ORD006370,ACC01270,36,104.72,False
ORD006371,ACC01270,53,900.07,False
ORD006372,ACC01271,43,143.9,False
ORD006373,ACC01271,58,303.32,False
ORD006374,ACC01271,5,158.74,False
ORD006375,ACC01271,5,1529.24,False
ORD006376,ACC01271,30,997.9,False
ORD006377,ACC01272,13,1133.69,False
ORD006378,ACC01272,11,199.51,False
ORD006379,ACC01272,6,2333.48,False
ORD006380,ACC01272,56,113.55,False
ORD006381,ACC01273,4,752.75,False
ORD006382,ACC01273,27,625.03,False
ORD006383,ACC01273,54,2814.35,False
ORD006384,ACC01274,37,721.29,False
ORD006385,ACC01274,36,1753.09,False
ORD006386,ACC01275,15,559.53,False
ORD006387,ACC01275,10,996.5,False
ORD006388,ACC01275,51,252.13,False
ORD006389,ACC01275,25,682.03,False
ORD006390,ACC01276,26,892.48,True
ORD006391,ACC01276,9,547.97,False
ORD006392,ACC01276,44,371.93,True
ORD006393,ACC01276,41,1272.07,False
ORD006394,ACC01276,56,794.83,False
ORD006395,ACC01277,9,757.05,False
ORD006396,ACC01277,47,2080.28,False
ORD006397,ACC01277,35,157.88,False
ORD006398,ACC01277,6,1379.88,False
ORD006399,ACC01277,20,700.92,False
ORD006400,ACC01277,8,528.41,False
ORD006401,ACC01277,2,1316.79,False
ORD006402,ACC01277,37,275.17,False
ORD006403,ACC01277,17,223.39,False
ORD006404,ACC01277,4,1065.88,False
ORD006405,ACC01277,13,554.36,False
ORD006406,ACC01278,46,672.6,False
ORD006407,ACC01278,13,1421.61,False
ORD006408,ACC01278,23,891.9,False
ORD006409,ACC01278,12,1319.69,False
ORD006410,ACC01278,54,675.38,False
ORD006411,ACC01279,49,676.06,True
ORD006412,ACC01279,41,596.88,False
ORD006413,ACC01279,27,315.93,True
ORD006414,ACC01279,47,919.02,True
ORD006415,ACC01279,21,1902.06,False
ORD006416,ACC01280,15,1209.96,True
ORD006417,ACC01280,40,1106.12,False
ORD006418,ACC01280,21,1035.91,False
ORD006419,ACC01280,57,1841.7,True
ORD006420,ACC01280,32,275.28,False
ORD006421,ACC01280,34,1191.63,True
ORD006422,ACC01280,18,2556.58,False
ORD006423,ACC01281,1,1555.68,False
ORD006424,ACC01281,50,1110.55,False
ORD006425,ACC01281,50,453.86,False
ORD006426,ACC01281,48,100.01,False
ORD006427,ACC01281,14,277.15,False
ORD006428,ACC01281,12,364.72,False
ORD006429,ACC01281,8,236.54,False
ORD006430,ACC01282,46,444.99,False
ORD006431,ACC01282,3,862.49,False
ORD006432,ACC01282,2,808.75,False
ORD006433,ACC01282,55,1541.51,False
ORD006434,ACC01283,14,994.21,False
ORD006435,ACC01283,22,577.04,False
ORD006436,ACC01283,14,1188.57,False
ORD006437,ACC01283,9,631.41,False
ORD006438,ACC01283,53,1164.36,False
ORD006439,ACC01283,22,887.34,False
ORD006440,ACC01283,0,638.94,False
ORD006441,ACC01284,3,1480.2,False
ORD006442,ACC01284,58,493.33,False
ORD006443,ACC01284,7,350.57,False
ORD006444,ACC01285,50,839.18,False
ORD006445,ACC01285,54,1224.64,False
ORD006446,ACC01286,5,99.41,False
ORD006447,ACC01286,37,1876.43,False
ORD006448,ACC01286,38,102.14,False
ORD006449,ACC01286,30,406.69,False
ORD006450,ACC01286,38,1091.42,False
ORD006451,ACC01287,7,959.54,False
ORD006452,ACC01287,12,1257.12,False
ORD006453,ACC01287,2,1587.26,False
ORD006454,ACC01288,23,1160.3,False
ORD006455,ACC01288,45,120.42,False
ORD006456,ACC01288,32,1754.84,False
ORD006457,ACC01288,32,315.07,False
ORD006458,ACC01288,56,923.79,False
ORD006459,ACC01289,20,389.36,False
ORD006460,ACC01289,30,826.66,False
ORD006461,ACC01290,13,1093.92,False
ORD006462,ACC01290,52,784.21,False
ORD006463,ACC01291,15,1797.31,False
ORD006464,ACC01291,40,557.2,False
ORD006465,ACC01291,43,307.05,False
ORD006466,ACC01292,35,676.18,False
ORD006467,ACC01292,12,387.78,False
ORD006468,ACC01292,50,888.56,False
ORD006469,ACC01292,1,425.7,False
ORD006470,ACC01292,36,96.17,False
ORD006471,ACC01292,14,848.46,False
ORD006472,ACC01293,6,1532.78,False
ORD006473,ACC01293,8,781.11,False
ORD006474,ACC01293,19,164.83,False
ORD006475,ACC01293,56,1195.63,False
ORD006476,ACC01293,25,1898.88,False
ORD006477,ACC01293,40,464.08,False
ORD006478,ACC01293,36,1959.99,False
ORD006479,ACC01293,27,360.81,False
ORD006480,ACC01293,5,4111.19,False
ORD006481,ACC01294,57,982.95,False
ORD006482,ACC01294,7,1088.86,False
ORD006483,ACC01294,18,1430.99,False
ORD006484,ACC01294,37,1019.26,False
ORD006485,ACC01294,32,338.64,False
ORD006486,ACC01295,40,1129.41,False
ORD006487,ACC01295,35,751.85,False
ORD006488,ACC01295,23,199.49,False
ORD006489,ACC01295,44,429.47,False
ORD006490,ACC01295,16,581.47,False
ORD006491,ACC01296,37,132.62,True
ORD006492,ACC01296,18,164.17,True
ORD006493,ACC01296,34,1167.29,True
ORD006494,ACC01296,14,89.66,False
ORD006495,ACC01296,59,903.34,False
ORD006496,ACC01297,44,367.05,False
ORD006497,ACC01297,48,699.87,False
ORD006498,ACC01297,34,417.32,False
ORD006499,ACC01297,32,935.49,False
ORD006500,ACC01297,40,2706.2,False
ORD006501,ACC01298,48,208.03,True
ORD006502,ACC01298,57,592.75,False
ORD006503,ACC01298,34,959.24,False
ORD006504,ACC01298,2,463.36,False
ORD006505,ACC01298,58,1452.39,False
ORD006506,ACC01299,54,68.23,False
ORD006507,ACC01299,30,578.59,False
ORD006508,ACC01299,37,1261.95,False
ORD006509,ACC01299,57,693.46,False
ORD006510,ACC01300,22,348.23,False
ORD006511,ACC01300,27,734.28,False
ORD006512,ACC01300,56,390.65,False
ORD006513,ACC01300,18,873.34,False
ORD006514,ACC01300,22,1111.94,False
ORD006515,ACC01301,0,1761.14,False
ORD006516,ACC01301,8,849.42,False
ORD006517,ACC01301,33,1548.24,False
ORD006518,ACC01301,9,365.63,False
ORD006519,ACC01301,12,851.18,False
ORD006520,ACC01302,3,551.98,False
ORD006521,ACC01302,56,175.83,True
ORD006522,ACC01302,2,590.53,False
ORD006523,ACC01303,10,770.98,False
ORD006524,ACC01303,31,164.68,True
ORD006525,ACC01303,49,463.03,False
ORD006526,ACC01303,28,1831.13,False
ORD006527,ACC01303,16,675.12,False
ORD006528,ACC01304,59,1026.46,False
ORD006529,ACC01304,27,232.05,True
ORD006530,ACC01304,58,598.49,False
ORD006531,ACC01304,10,93.43,False
ORD006532,ACC01304,3,648.82,False
ORD006533,ACC01304,32,517.11,False
ORD006534,ACC01304,22,751.86,False
ORD006535,ACC01304,5,485.79,False
ORD006536,ACC01304,56,320.91,False
ORD006537,ACC01305,22,726.07,False
ORD006538,ACC01305,58,862.14,False
ORD006539,ACC01306,9,863.22,False
ORD006540,ACC01306,8,1971.22,True
ORD006541,ACC01306,23,2211.37,False
ORD006542,ACC01306,57,2409.36,False
ORD006543,ACC01306,0,535.44,False
ORD006544,ACC01306,15,1239.49,False
ORD006545,ACC01306,3,2337.38,True
ORD006546,ACC01307,48,410.36,False
ORD006547,ACC01307,58,485.33,True
ORD006548,ACC01308,46,720.14,False
ORD006549,ACC01308,27,611.68,False
ORD006550,ACC01308,33,618.79,False
ORD006551,ACC01308,42,1002.33,False
ORD006552,ACC01308,39,787.36,False
ORD006553,ACC01308,2,1954.76,False
ORD006554,ACC01308,5,802.95,False
ORD006555,ACC01309,48,277.65,False
ORD006556,ACC01309,21,418.78,False
ORD006557,ACC01309,6,1025.74,False
ORD006558,ACC01309,13,653.07,False
ORD006559,ACC01309,13,1914.81,True
ORD006560,ACC01309,0,148.58,False
ORD006561,ACC01309,35,87.78,False
ORD006562,ACC01310,3,1396.12,False
ORD006563,ACC01310,58,2610.44,False
ORD006564,ACC01310,15,261.49,False
ORD006565,ACC01311,19,466.71,False
ORD006566,ACC01311,40,677.77,False
ORD006567,ACC01311,47,1335.43,False
ORD006568,ACC01312,32,432.94,False
ORD006569,ACC01312,32,334.92,False
ORD006570,ACC01312,42,404.39,True
ORD006571,ACC01312,58,1747.07,False
ORD006572,ACC01313,24,232.57,False
ORD006573,ACC01313,1,628.11,False
ORD006574,ACC01313,0,685.12,False
ORD006575,ACC01313,49,1099.0,False
ORD006576,ACC01313,6,211.25,True
ORD006577,ACC01314,54,1074.21,True
ORD006578,ACC01314,30,836.16,False
ORD006579,ACC01314,45,483.98,False
ORD006580,ACC01314,10,2390.01,False
ORD006581,ACC01314,18,390.2,False
ORD006582,ACC01314,14,262.06,False
ORD006583,ACC01315,32,1035.68,False
ORD006584,ACC01315,25,217.04,False
ORD006585,ACC01315,34,126.08,False
ORD006586,ACC01316,12,2974.92,False
ORD006587,ACC01316,53,612.33,False
ORD006588,ACC01316,53,519.12,True
ORD006589,ACC01316,3,1350.18,False
ORD006590,ACC01316,59,680.55,False
ORD006591,ACC01316,46,388.63,True
ORD006592,ACC01317,7,1094.49,False
ORD006593,ACC01317,33,299.65,False
ORD006594,ACC01317,45,201.35,False
ORD006595,ACC01317,52,2542.09,False
ORD006596,ACC01318,52,924.22,False
ORD006597,ACC01318,31,501.46,False
ORD006598,ACC01318,18,208.68,False
ORD006599,ACC01318,18,1020.43,False
ORD006600,ACC01318,31,533.51,False
ORD006601,ACC01318,56,497.45,False
ORD006602,ACC01319,37,747.22,True
ORD006603,ACC01319,23,1108.66,False
ORD006604,ACC01319,37,140.8,False
ORD006605,ACC01319,26,413.53,False
ORD006606,ACC01320,48,1583.49,False
ORD006607,ACC01320,40,739.4,False
ORD006608,ACC01320,54,638.9,False
ORD006609,ACC01321,59,265.59,False
ORD006610,ACC01321,32,3432.2,False
ORD006611,ACC01321,26,1697.49,False
ORD006612,ACC01321,16,597.9,False
ORD006613,ACC01322,27,261.77,False
ORD006614,ACC01322,32,1424.74,False
ORD006615,ACC01322,58,557.17,False
ORD006616,ACC01322,23,622.16,False
ORD006617,ACC01322,35,2213.55,False
ORD006618,ACC01322,0,389.68,False
ORD006619,ACC01323,54,351.65,False
ORD006620,ACC01323,32,412.44,False
ORD006621,ACC01323,31,1116.83,False
ORD006622,ACC01323,10,438.57,False
ORD006623,ACC01323,10,495.76,False
ORD006624,ACC01324,43,1074.08,False
ORD006625,ACC01324,43,2273.03,False
ORD006626,ACC01324,46,1080.93,False
ORD006627,ACC01325,21,174.67,False
ORD006628,ACC01325,24,754.11,False
ORD006629,ACC01325,37,1234.74,False
ORD006630,ACC01325,47,1239.9,False
ORD006631,ACC01325,54,341.32,False
ORD006632,ACC01326,0,1202.87,False
ORD006633,ACC01326,1,3088.17,False
ORD006634,ACC01326,50,322.03,False
ORD006635,ACC01326,13,183.52,False
ORD006636,ACC01326,1,731.82,False
ORD006637,ACC01327,40,186.68,False
ORD006638,ACC01327,25,411.88,False
ORD006639,ACC01327,20,1024.6,False
ORD006640,ACC01327,59,451.33,False
ORD006641,ACC01327,21,1391.33,False
ORD006642,ACC01327,35,1026.47,False
ORD006643,ACC01327,35,885.62,False
ORD006644,ACC01327,12,1554.52,False
ORD006645,ACC01327,52,623.48,False
ORD006646,ACC01327,9,132.96,False
ORD006647,ACC01328,49,1262.86,False
ORD006648,ACC01328,20,349.61,False
ORD006649,ACC01328,54,369.06,False
ORD006650,ACC01328,5,114.98,False
ORD006651,ACC01329,28,640.75,False
ORD006652,ACC01329,32,658.63,False
ORD006653,ACC01329,22,1181.08,True
ORD006654,ACC01329,34,1165.95,False
ORD006655,ACC01329,57,1148.9,False
ORD006656,ACC01329,37,481.96,True
ORD006657,ACC01330,53,531.86,False
ORD006658,ACC01330,52,683.31,False
ORD006659,ACC01330,15,404.22,False
ORD006660,ACC01330,22,973.45,False
ORD006661,ACC01330,48,886.9,False
ORD006662,ACC01331,0,288.75,False
ORD006663,ACC01331,0,827.57,True
ORD006664,ACC01331,46,1976.78,False
ORD006665,ACC01332,10,356.8,False
ORD006666,ACC01332,14,515.7,False
ORD006667,ACC01332,21,714.75,True
ORD006668,ACC01333,31,432.68,False
ORD006669,ACC01333,20,1798.07,False
ORD006670,ACC01333,23,709.9,False
ORD006671,ACC01333,35,592.49,False
ORD006672,ACC01333,50,363.54,False
ORD006673,ACC01333,2,888.17,False
ORD006674,ACC01334,56,1401.31,False
ORD006675,ACC01334,31,526.21,False
ORD006676,ACC01334,27,1465.04,False
ORD006677,ACC01334,18,1108.47,False
ORD006678,ACC01334,41,964.52,False
ORD006679,ACC01334,39,1855.48,False
ORD006680,ACC01334,31,289.68,False
ORD006681,ACC01334,59,114.0,False
ORD006682,ACC01334,33,1144.96,False
ORD006683,ACC01334,51,1004.18,False
ORD006684,ACC01335,21,851.38,False
ORD006685,ACC01335,13,2252.99,False
ORD006686,ACC01335,59,1378.73,False
ORD006687,ACC01335,44,195.38,False
ORD006688,ACC01335,15,2604.38,False
ORD006689,ACC01336,12,488.49,False
ORD006690,ACC01336,7,320.88,False
ORD006691,ACC01336,42,402.57,False
ORD006692,ACC01336,3,595.65,False
ORD006693,ACC01337,28,1176.69,False
ORD006694,ACC01337,45,848.78,False
ORD006695,ACC01337,54,1187.9,False
ORD006696,ACC01338,48,1504.01,False
ORD006697,ACC01338,43,867.67,False
ORD006698,ACC01338,37,875.1,False
ORD006699,ACC01338,38,989.31,False
ORD006700,ACC01339,19,2473.05,False
ORD006701,ACC01339,58,1160.2,False
ORD006702,ACC01339,40,762.54,False
ORD006703,ACC01339,11,299.71,False
ORD006704,ACC01340,13,648.77,False
ORD006705,ACC01340,36,1304.81,False
ORD006706,ACC01340,56,904.85,False
ORD006707,ACC01340,42,381.18,False
ORD006708,ACC01340,17,400.23,False
ORD006709,ACC01340,5,777.28,False
ORD006710,ACC01340,31,1185.32,False
ORD006711,ACC01340,36,2266.38,False
ORD006712,ACC01340,11,304.62,False
ORD006713,ACC01341,22,251.13,False
ORD006714,ACC01341,24,141.44,True
ORD006715,ACC01341,14,1918.38,False
ORD006716,ACC01341,20,1219.12,False
ORD006717,ACC01341,28,526.47,False
ORD006718,ACC01342,33,1480.72,True
ORD006719,ACC01342,57,1160.91,False
ORD006720,ACC01342,59,1064.06,False
ORD006721,ACC01342,59,268.36,False
ORD006722,ACC01342,4,843.92,False
ORD006723,ACC01343,48,796.66,False
ORD006724,ACC01343,25,2058.91,False
ORD006725,ACC01343,9,2803.98,False
ORD006726,ACC01343,6,1316.37,False
ORD006727,ACC01343,29,1335.42,False
ORD006728,ACC01343,43,1020.43,False
ORD006729,ACC01344,32,1590.49,False
ORD006730,ACC01344,30,2571.13,False
ORD006731,ACC01344,30,1162.03,True
ORD006732,ACC01344,38,597.83,False
ORD006733,ACC01345,1,280.61,True
ORD006734,ACC01345,6,971.05,False
ORD006735,ACC01345,0,445.83,False
ORD006736,ACC01345,12,224.06,False
ORD006737,ACC01345,40,293.27,True
ORD006738,ACC01345,19,592.28,False
ORD006739,ACC01345,31,868.8,False
ORD006740,ACC01345,9,707.33,False
ORD006741,ACC01346,54,2666.16,False
ORD006742,ACC01346,58,40.13,False
ORD006743,ACC01346,33,959.78,False
ORD006744,ACC01346,6,426.64,False
ORD006745,ACC01346,58,356.34,False
ORD006746,ACC01346,17,1035.72,False
ORD006747,ACC01346,39,572.72,True
ORD006748,ACC01347,23,432.65,False
ORD006749,ACC01347,18,1088.09,False
ORD006750,ACC01348,30,1391.98,False
ORD006751,ACC01348,35,637.76,False
ORD006752,ACC01348,30,391.97,False
ORD006753,ACC01348,28,1352.38,False
ORD006754,ACC01348,22,518.54,False
ORD006755,ACC01348,3,213.17,False
ORD006756,ACC01348,46,370.27,False
ORD006757,ACC01348,21,1015.65,False
ORD006758,ACC01348,4,673.7,False
ORD006759,ACC01349,29,821.07,False
ORD006760,ACC01349,5,2650.53,False
ORD006761,ACC01349,14,167.94,False
ORD006762,ACC01349,17,811.33,False
ORD006763,ACC01349,15,319.02,False
ORD006764,ACC01350,43,892.75,False
ORD006765,ACC01350,46,2888.82,False
ORD006766,ACC01350,36,970.04,False
ORD006767,ACC01350,26,1078.68,False
ORD006768,ACC01350,58,115.4,False
ORD006769,ACC01350,44,1157.47,False
ORD006770,ACC01350,3,131.2,False
ORD006771,ACC01350,30,613.67,False
ORD006772,ACC01350,10,132.23,False
ORD006773,ACC01351,24,256.1,False
ORD006774,ACC01351,31,441.56,True
ORD006775,ACC01351,44,701.91,False
ORD006776,ACC01351,13,843.13,False
ORD006777,ACC01352,28,471.24,False
ORD006778,ACC01352,29,903.1,False
ORD006779,ACC01352,49,872.41,False
ORD006780,ACC01352,34,237.02,False
ORD006781,ACC01353,25,1499.67,True
ORD006782,ACC01353,55,212.24,False
ORD006783,ACC01353,1,2159.73,False
ORD006784,ACC01353,20,468.33,False
ORD006785,ACC01353,31,1359.71,False
ORD006786,ACC01353,0,2666.23,False
ORD006787,ACC01353,3,1427.55,False
ORD006788,ACC01354,5,1205.77,False
ORD006789,ACC01354,48,1567.95,False
ORD006790,ACC01354,14,536.07,False
ORD006791,ACC01354,23,614.81,False
ORD006792,ACC01354,25,279.56,False
ORD006793,ACC01354,28,184.51,False
ORD006794,ACC01355,56,1850.8,False
ORD006795,ACC01355,31,410.96,False
ORD006796,ACC01355,11,649.54,False
ORD006797,ACC01355,13,162.82,False
ORD006798,ACC01355,10,488.64,False
ORD006799,ACC01355,48,1367.44,False
ORD006800,ACC01356,46,167.63,False
ORD006801,ACC01356,15,752.26,False
ORD006802,ACC01356,37,1057.5,False
ORD006803,ACC01356,49,1026.71,False
ORD006804,ACC01356,21,496.07,False
ORD006805,ACC01356,54,245.16,False
ORD006806,ACC01356,56,2303.63,False
ORD006807,ACC01357,13,941.22,False
ORD006808,ACC01357,11,218.67,False
ORD006809,ACC01357,11,490.1,False
ORD006810,ACC01357,5,1283.68,False
ORD006811,ACC01357,20,176.56,False
ORD006812,ACC01358,20,691.7,False
ORD006813,ACC01358,24,530.72,False
ORD006814,ACC01358,59,1344.13,False
ORD006815,ACC01359,42,1216.55,False
ORD006816,ACC01359,18,748.56,False
ORD006817,ACC01359,26,5439.01,False
ORD006818,ACC01359,0,1389.88,False
ORD006819,ACC01359,34,214.11,False
ORD006820,ACC01360,9,740.62,False
ORD006821,ACC01360,47,1095.36,False
ORD006822,ACC01360,32,937.36,False
ORD006823,ACC01360,20,1271.38,True
ORD006824,ACC01361,43,353.91,False
ORD006825,ACC01361,50,636.02,False
ORD006826,ACC01361,49,1793.85,False
ORD006827,ACC01362,31,120.28,False
ORD006828,ACC01362,41,386.35,False
ORD006829,ACC01362,8,944.51,False
ORD006830,ACC01362,23,767.87,False
ORD006831,ACC01362,4,276.0,False
ORD006832,ACC01362,53,544.54,False
ORD006833,ACC01362,23,613.08,False
ORD006834,ACC01362,4,904.39,False
ORD006835,ACC01363,55,699.19,False
ORD006836,ACC01363,34,601.35,False
ORD006837,ACC01363,48,292.26,False
ORD006838,ACC01363,48,1671.69,False
ORD006839,ACC01363,45,296.02,False
ORD006840,ACC01363,49,785.25,False
ORD006841,ACC01364,45,1380.16,False
ORD006842,ACC01364,13,166.67,True
ORD006843,ACC01364,40,1140.22,False
ORD006844,ACC01364,26,1378.74,False
ORD006845,ACC01365,31,192.56,False
ORD006846,ACC01366,14,1056.35,False
ORD006847,ACC01366,29,1851.31,False
ORD006848,ACC01366,2,788.87,False
ORD006849,ACC01366,24,1009.47,False
ORD006850,ACC01367,16,465.34,False
ORD006851,ACC01367,28,401.66,False
ORD006852,ACC01367,16,1393.45,False
ORD006853,ACC01367,11,1045.52,False
ORD006854,ACC01367,23,1363.32,False
ORD006855,ACC01367,2,226.08,False
ORD006856,ACC01368,49,2458.88,False
ORD006857,ACC01368,32,984.98,False
ORD006858,ACC01368,9,3282.56,False
ORD006859,ACC01369,13,386.39,False
ORD006860,ACC01369,11,724.89,False
ORD006861,ACC01369,50,1182.81,False
ORD006862,ACC01369,13,939.56,False
ORD006863,ACC01369,5,769.84,False
ORD006864,ACC01370,19,255.35,False
ORD006865,ACC01370,3,1212.18,False
ORD006866,ACC01370,31,1235.91,False
ORD006867,ACC01370,2,463.36,False
ORD006868,ACC01370,28,1532.47,False
ORD006869,ACC01371,15,362.5,False
ORD006870,ACC01371,0,2659.23,False
ORD006871,ACC01371,35,717.54,False
ORD006872,ACC01371,15,1816.8,True
ORD006873,ACC01371,52,534.93,False
ORD006874,ACC01371,9,628.77,False
ORD006875,ACC01372,0,2075.99,False
ORD006876,ACC01372,4,292.35,True
ORD006877,ACC01372,1,458.48,False
ORD006878,ACC01373,42,1211.71,True
ORD006879,ACC01373,4,440.92,False
ORD006880,ACC01373,53,225.97,False
ORD006881,ACC01373,8,345.98,True
ORD006882,ACC01373,9,1168.42,False
ORD006883,ACC01374,3,662.47,False
ORD006884,ACC01374,19,1206.35,False
ORD006885,ACC01374,28,2596.35,False
ORD006886,ACC01374,37,670.2,False
ORD006887,ACC01374,51,85.63,False
ORD006888,ACC01374,27,1319.68,False
ORD006889,ACC01375,8,2089.1,False
ORD006890,ACC01375,57,1331.55,False
ORD006891,ACC01375,38,405.49,False
ORD006892,ACC01375,24,347.38,False
ORD006893,ACC01375,8,539.13,False
ORD006894,ACC01375,51,756.0,False
ORD006895,ACC01375,3,1144.19,False
ORD006896,ACC01376,32,858.7,False
ORD006897,ACC01376,45,327.92,False
ORD006898,ACC01376,51,2159.9,True
ORD006899,ACC01376,31,2234.38,False
ORD006900,ACC01376,28,435.12,False
ORD006901,ACC01376,56,417.47,False
ORD006902,ACC01376,40,1078.4,False
ORD006903,ACC01377,0,1722.63,False
ORD006904,ACC01377,21,279.17,False
ORD006905,ACC01377,16,384.36,False
ORD006906,ACC01377,49,328.12,False
ORD006907,ACC01377,19,1275.05,False
ORD006908,ACC01377,18,1271.43,False
ORD006909,ACC01377,27,737.37,False
ORD006910,ACC01378,54,987.83,False
ORD006911,ACC01378,47,212.32,False
ORD006912,ACC01378,8,582.56,False
ORD006913,ACC01378,35,332.19,False
ORD006914,ACC01378,35,153.94,False
ORD006915,ACC01378,18,430.98,False
ORD006916,ACC01379,52,547.35,False
ORD006917,ACC01379,42,404.69,False
ORD006918,ACC01379,53,289.25,False
ORD006919,ACC01379,20,373.18,False
ORD006920,ACC01379,32,387.57,False
ORD006921,ACC01379,14,1737.04,False
ORD006922,ACC01380,8,1206.35,False
ORD006923,ACC01380,52,118.11,False
ORD006924,ACC01380,38,1652.42,False
ORD006925,ACC01380,7,1963.51,False
ORD006926,ACC01380,20,190.33,False
ORD006927,ACC01381,18,1273.85,False
ORD006928,ACC01381,44,1266.86,False
ORD006929,ACC01381,55,1266.94,False
ORD006930,ACC01382,44,1084.2,False
ORD006931,ACC01382,27,211.18,False
ORD006932,ACC01382,20,1482.15,True
ORD006933,ACC01382,55,415.43,False
ORD006934,ACC01382,25,1406.98,False
ORD006935,ACC01382,53,558.7,False
ORD006936,ACC01383,34,968.96,False
ORD006937,ACC01383,11,338.82,False
ORD006938,ACC01383,56,869.91,False
ORD006939,ACC01383,21,2853.27,False
ORD006940,ACC01383,0,317.4,False
ORD006941,ACC01383,7,835.56,False
ORD006942,ACC01383,27,538.23,False
ORD006943,ACC01384,29,998.48,False
ORD006944,ACC01384,1,822.23,False
ORD006945,ACC01384,42,868.98,False
ORD006946,ACC01384,39,234.17,False
ORD006947,ACC01384,16,1027.02,False
ORD006948,ACC01384,39,454.22,False
ORD006949,ACC01384,48,1478.46,False
ORD006950,ACC01385,55,770.52,False
ORD006951,ACC01385,47,761.42,False
ORD006952,ACC01385,0,1234.8,False
ORD006953,ACC01385,28,2208.12,False
ORD006954,ACC01385,16,1220.93,False
ORD006955,ACC01386,31,944.79,False
ORD006956,ACC01386,11,652.92,False
ORD006957,ACC01387,10,1496.56,False
ORD006958,ACC01387,52,748.81,False
ORD006959,ACC01387,1,541.19,False
ORD006960,ACC01387,35,599.52,False
ORD006961,ACC01387,19,796.32,False
ORD006962,ACC01388,51,1941.2,False
ORD006963,ACC01388,41,1143.73,False
ORD006964,ACC01388,41,908.69,False
ORD006965,ACC01388,52,1370.48,False
ORD006966,ACC01388,8,998.84,True
ORD006967,ACC01389,27,588.57,False
ORD006968,ACC01389,18,284.37,False
ORD006969,ACC01389,42,1141.68,False
ORD006970,ACC01390,25,392.3,False
ORD006971,ACC01390,28,321.15,False
ORD006972,ACC01391,41,1588.91,False
ORD006973,ACC01391,38,304.3,False
ORD006974,ACC01392,29,109.0,False
ORD006975,ACC01392,42,930.55,True
ORD006976,ACC01392,13,630.7,False
ORD006977,ACC01392,1,868.66,False
ORD006978,ACC01392,18,1042.57,False
ORD006979,ACC01392,14,90.95,True
ORD006980,ACC01393,32,449.1,False
ORD006981,ACC01393,36,361.73,False
ORD006982,ACC01393,30,230.72,False
ORD006983,ACC01393,30,2306.28,False
ORD006984,ACC01393,42,666.71,False
ORD006985,ACC01394,2,1001.83,False
ORD006986,ACC01394,12,1435.42,False
ORD006987,ACC01394,43,384.65,False
ORD006988,ACC01395,0,847.13,False
ORD006989,ACC01395,1,515.52,False
ORD006990,ACC01395,23,1048.53,False
ORD006991,ACC01395,37,939.97,False
ORD006992,ACC01395,7,430.97,False
ORD006993,ACC01395,25,262.82,False
ORD006994,ACC01396,28,1159.47,False
ORD006995,ACC01396,59,1620.25,False
ORD006996,ACC01396,49,423.35,False
ORD006997,ACC01396,47,858.48,False
ORD006998,ACC01396,29,28.38,False
ORD006999,ACC01397,39,228.25,False
ORD007000,ACC01397,32,563.65,False
ORD007001,ACC01397,45,2830.37,False
ORD007002,ACC01397,1,1578.52,False
ORD007003,ACC01397,58,1521.59,False
ORD007004,ACC01398,10,406.87,False
ORD007005,ACC01399,34,443.27,False
ORD007006,ACC01399,10,1861.41,False
ORD007007,ACC01400,38,993.12,False
ORD007008,ACC01400,20,401.01,False
ORD007009,ACC01400,1,216.5,False
ORD007010,ACC01400,0,761.42,False
ORD007011,ACC01400,36,1708.5,False
ORD007012,ACC01400,17,740.31,False
ORD007013,ACC01401,56,1550.9,False
ORD007014,ACC01401,55,1001.32,False
ORD007015,ACC01401,56,115.62,False
ORD007016,ACC01401,55,223.02,False
ORD007017,ACC01402,32,1200.04,True
ORD007018,ACC01402,33,443.16,False
ORD007019,ACC01402,33,201.56,False
ORD007020,ACC01402,30,472.23,True
ORD007021,ACC01402,30,982.48,False
ORD007022,ACC01402,33,97.65,True
ORD007023,ACC01403,52,1760.96,True
ORD007024,ACC01403,52,1787.94,True
ORD007025,ACC01404,10,1529.35,True
ORD007026,ACC01404,10,724.35,False
ORD007027,ACC01405,46,1688.52,False
ORD007028,ACC01405,46,456.93,False
ORD007029,ACC01405,46,1176.91,False
ORD007030,ACC01405,43,689.18,False
ORD007031,ACC01406,55,388.42,False
ORD007032,ACC01406,53,844.05,True
ORD007033,ACC01407,45,616.5,True
ORD007034,ACC01407,44,1959.68,False
ORD007035,ACC01407,44,1044.85,False
ORD007036,ACC01408,33,41.81,True
ORD007037,ACC01408,35,2388.45,False
ORD007038,ACC01408,35,2505.76,False
ORD007039,ACC01408,33,532.03,False
ORD007040,ACC01408,36,379.09,False
ORD007041,ACC01408,34,1244.96,False
ORD007042,ACC01409,16,518.39,True
ORD007043,ACC01409,15,291.79,False
ORD007044,ACC01409,15,1577.73,True
ORD007045,ACC01410,34,651.69,False
ORD007046,ACC01410,32,121.55,False
ORD007047,ACC01410,32,1682.69,True
ORD007048,ACC01410,35,246.36,True
ORD007049,ACC01410,32,602.23,False
ORD007050,ACC01410,35,1297.55,False
ORD007051,ACC01411,6,1665.87,False
ORD007052,ACC01411,6,287.37,True
ORD007053,ACC01411,6,529.19,True
ORD007054,ACC01411,3,680.95,True
ORD007055,ACC01412,39,1341.05,False
ORD007056,ACC01412,38,354.32,True
ORD007057,ACC01412,36,1410.79,False
ORD007058,ACC01412,37,804.37,True
ORD007059,ACC01413,17,1639.89,True
ORD007060,ACC01413,17,528.4,False
ORD007061,ACC01413,18,483.74,True
ORD007062,ACC01413,19,1382.66,True
ORD007063,ACC01413,18,921.17,True
ORD007064,ACC01413,18,635.92,False
ORD007065,ACC01413,20,1855.17,False
ORD007066,ACC01414,4,581.74,False
ORD007067,ACC01414,2,238.97,False
ORD007068,ACC01414,4,588.72,True
ORD007069,ACC01414,2,603.75,True
ORD007070,ACC01415,49,383.9,False
ORD007071,ACC01415,49,2206.94,False
ORD007072,ACC01415,51,125.2,True
ORD007073,ACC01415,51,438.3,True
ORD007074,ACC01415,50,780.04,True
ORD007075,ACC01415,49,93.33,True
ORD007076,ACC01415,50,1242.46,True
ORD007077,ACC01415,51,78.7,True
ORD007078,ACC01415,49,1549.81,True
ORD007079,ACC01415,51,291.24,True
ORD007080,ACC01416,48,556.06,True
ORD007081,ACC01416,48,411.9,False
ORD007082,ACC01416,50,749.35,False
ORD007083,ACC01416,47,2124.43,False
ORD007084,ACC01416,50,2263.27,True
ORD007085,ACC01417,31,3085.39,True
ORD007086,ACC01417,33,865.88,False
ORD007087,ACC01418,34,609.2,True
ORD007088,ACC01418,36,341.41,False
ORD007089,ACC01418,33,2788.83,True
ORD007090,ACC01418,35,1239.34,False
ORD007091,ACC01419,42,128.27,True
ORD007092,ACC01419,40,1465.63,True
ORD007093,ACC01419,42,813.76,False
ORD007094,ACC01419,41,668.04,True
ORD007095,ACC01420,10,1687.02,False
ORD007096,ACC01420,9,340.88,False
ORD007097,ACC01420,12,1788.55,False
ORD007098,ACC01420,9,382.09,False
ORD007099,ACC01420,9,153.67,True
ORD007100,ACC01420,10,1040.98,True
ORD007101,ACC01421,20,982.72,True
ORD007102,ACC01421,21,363.26,False
ORD007103,ACC01421,22,938.48,True
ORD007104,ACC01421,23,926.24,True
ORD007105,ACC01421,22,505.68,True
ORD007106,ACC01421,22,1043.76,False
ORD007107,ACC01421,21,567.28,True
ORD007108,ACC01421,22,1066.13,True
ORD007109,ACC01421,20,973.77,True
ORD007110,ACC01422,38,889.88,True
ORD007111,ACC01422,39,492.29,True
ORD007112,ACC01422,39,250.49,False
ORD007113,ACC01423,24,916.79,False
ORD007114,ACC01423,24,1192.78,False
ORD007115,ACC01423,25,168.45,False
ORD007116,ACC01423,24,445.99,True
ORD007117,ACC01423,24,923.87,True
ORD007118,ACC01423,23,2244.18,True
ORD007119,ACC01424,37,979.73,True
ORD007120,ACC01424,37,1050.46,False
ORD007121,ACC01424,35,2180.14,False
ORD007122,ACC01424,36,114.98,False
ORD007123,ACC01424,36,402.57,False
ORD007124,ACC01425,55,692.82,True
ORD007125,ACC01425,53,324.1,False
ORD007126,ACC01425,55,769.57,True
ORD007127,ACC01425,55,1677.65,False
ORD007128,ACC01425,53,658.46,False
ORD007129,ACC01425,52,311.5,False
ORD007130,ACC01426,56,874.95,True
ORD007131,ACC01426,54,1088.79,False
ORD007132,ACC01427,3,424.49,True
ORD007133,ACC01427,2,831.88,True
ORD007134,ACC01427,4,363.38,True
ORD007135,ACC01427,3,253.86,False
ORD007136,ACC01427,1,387.88,True
ORD007137,ACC01428,24,1648.06,True
ORD007138,ACC01428,22,318.44,False
ORD007139,ACC01428,21,1004.84,True
ORD007140,ACC01428,22,56.15,False
ORD007141,ACC01428,21,1419.77,False
ORD007142,ACC01428,23,190.14,True
ORD007143,ACC01428,23,421.78,True
ORD007144,ACC01429,14,778.77,False
ORD007145,ACC01429,14,942.47,False
ORD007146,ACC01429,13,690.14,False
ORD007147,ACC01430,3,2328.03,True
ORD007148,ACC01430,4,782.35,False
ORD007149,ACC01430,3,947.86,True
ORD007150,ACC01431,42,1474.11,False
ORD007151,ACC01431,43,525.13,True
ORD007152,ACC01431,41,1760.65,False
ORD007153,ACC01431,44,546.63,False
ORD007154,ACC01431,43,2030.58,True
ORD007155,ACC01431,43,465.39,False
ORD007156,ACC01432,35,876.68,False
ORD007157,ACC01432,35,1746.41,False
ORD007158,ACC01432,38,1095.45,True
ORD007159,ACC01432,37,781.89,False
ORD007160,ACC01433,52,193.62,False
ORD007161,ACC01433,49,427.26,False
ORD007162,ACC01433,52,1460.74,False
ORD007163,ACC01434,30,606.81,True
ORD007164,ACC01434,30,1120.97,True
ORD007165,ACC01434,29,145.27,True
ORD007166,ACC01435,22,1070.75,True
ORD007167,ACC01435,25,548.25,False
ORD007168,ACC01435,24,1346.78,False
ORD007169,ACC01435,22,659.62,True
ORD007170,ACC01435,24,184.44,True
ORD007171,ACC01436,26,1344.65,False
ORD007172,ACC01436,25,1226.5,False
ORD007173,ACC01436,26,900.21,False
ORD007174,ACC01436,28,534.85,False
ORD007175,ACC01436,28,131.21,True
ORD007176,ACC01436,28,330.3,False
ORD007177,ACC01436,27,744.09,True
ORD007178,ACC01436,27,1104.07,False
ORD007179,ACC01437,6,627.0,True
ORD007180,ACC01437,8,619.25,False
ORD007181,ACC01437,5,523.01,False
ORD007182,ACC01437,6,299.17,False
ORD007183,ACC01437,7,1132.02,True
ORD007184,ACC01438,3,736.67,True
ORD007185,ACC01438,4,1383.65,False
ORD007186,ACC01438,6,1146.08,True
ORD007187,ACC01438,5,749.76,True
ORD007188,ACC01438,4,1289.9,False
ORD007189,ACC01439,21,790.79,False
ORD007190,ACC01439,23,846.18,True
ORD007191,ACC01439,21,1447.08,True
ORD007192,ACC01439,21,649.91,True
ORD007193,ACC01439,24,70.94,True
ORD007194,ACC01440,42,214.17,True
ORD007195,ACC01440,43,1439.18,True
ORD007196,ACC01440,42,1348.98,True
ORD007197,ACC01440,41,149.17,True
ORD007198,ACC01440,42,1581.7,False
ORD007199,ACC01441,20,1668.95,True
ORD007200,ACC01441,18,372.12,True
ORD007201,ACC01441,21,1150.63,True
ORD007202,ACC01441,19,2362.12,False
ORD007203,ACC01441,18,1765.7,False
ORD007204,ACC01442,13,530.39,False
ORD007205,ACC01442,11,377.2,False
ORD007206,ACC01442,12,751.53,True
ORD007207,ACC01442,13,1218.25,False
ORD007208,ACC01442,13,74.93,True
ORD007209,ACC01442,11,1552.4,True
ORD007210,ACC01442,11,1009.08,True
ORD007211,ACC01443,27,468.42,True
ORD007212,ACC01443,28,601.85,False
ORD007213,ACC01443,28,362.14,False
ORD007214,ACC01443,30,601.91,False
ORD007215,ACC01444,4,1006.4,False
ORD007216,ACC01444,3,836.57,False
ORD007217,ACC01444,4,1546.37,False
ORD007218,ACC01444,2,611.88,True
ORD007219,ACC01444,3,1001.94,False
ORD007220,ACC01444,5,1543.72,True
ORD007221,ACC01444,5,221.56,False
ORD007222,ACC01445,54,588.76,True
ORD007223,ACC01445,53,171.75,True
ORD007224,ACC01445,54,862.8,True
ORD007225,ACC01445,54,684.77,True
ORD007226,ACC01445,56,223.53,False
ORD007227,ACC01445,56,894.86,False
ORD007228,ACC01445,54,1197.72,True
ORD007229,ACC01445,56,422.33,False
ORD007230,ACC01446,23,654.65,False
ORD007231,ACC01446,23,346.21,False
ORD007232,ACC01446,25,1164.89,True
ORD007233,ACC01446,23,841.17,True
ORD007234,ACC01446,22,2544.96,False
ORD007235,ACC01447,44,802.51,False
ORD007236,ACC01447,45,580.3,True
ORD007237,ACC01447,45,451.81,False
ORD007238,ACC01447,45,327.4,True
ORD007239,ACC01448,13,3135.04,False
ORD007240,ACC01448,14,734.87,False
ORD007241,ACC01448,12,1504.65,False
ORD007242,ACC01448,13,1149.1,False
ORD007243,ACC01448,11,981.02,True
ORD007244,ACC01448,12,598.67,True
ORD007245,ACC01448,12,344.75,True
ORD007246,ACC01448,11,393.34,False
ORD007247,ACC01448,11,672.56,False
ORD007248,ACC01449,13,317.53,False
ORD007249,ACC01449,15,1125.57,False
ORD007250,ACC01449,13,722.3,False
ORD007251,ACC01449,14,1689.39,True
ORD007252,ACC01449,14,451.65,False
ORD007253,ACC01449,13,980.54,False
ORD007254,ACC01450,47,248.49,True
ORD007255,ACC01450,45,444.01,True
ORD007256,ACC01450,45,337.67,True
ORD007257,ACC01450,47,142.97,True
ORD007258,ACC01450,46,212.49,True
ORD007259,ACC01450,46,370.03,True
ORD007260,ACC01450,48,591.0,False
ORD007261,ACC01451,36,414.55,False
ORD007262,ACC01451,38,1187.52,False
ORD007263,ACC01451,39,173.81,False
ORD007264,ACC01451,38,146.21,False
ORD007265,ACC01452,25,2336.58,True
ORD007266,ACC01452,27,1324.13,False
ORD007267,ACC01452,24,976.91,True
ORD007268,ACC01453,9,766.81,False
ORD007269,ACC01453,10,1355.55,False
ORD007270,ACC01453,9,334.74,False
ORD007271,ACC01453,11,564.72,True
ORD007272,ACC01453,10,398.92,False
ORD007273,ACC01453,10,349.39,False
ORD007274,ACC01453,9,2676.28,True
ORD007275,ACC01454,34,719.0,False
ORD007276,ACC01454,33,485.11,True
ORD007277,ACC01454,33,2051.58,True
ORD007278,ACC01454,33,647.59,True
ORD007279,ACC01454,34,1806.86,False
ORD007280,ACC01454,33,609.55,False
ORD007281,ACC01454,34,818.08,False
ORD007282,ACC01455,13,959.15,True
ORD007283,ACC01455,11,2058.05,False
ORD007284,ACC01455,12,1034.96,False
ORD007285,ACC01455,10,2337.13,True
ORD007286,ACC01455,13,1033.47,True
ORD007287,ACC01456,6,859.03,True
ORD007288,ACC01456,7,166.39,True
ORD007289,ACC01456,6,1007.34,True
ORD007290,ACC01456,6,1030.96,False
ORD007291,ACC01456,5,515.19,False
ORD007292,ACC01456,4,397.7,False
ORD007293,ACC01456,4,1055.71,True
ORD007294,ACC01457,10,1717.57,True
ORD007295,ACC01458,52,1896.04,True
ORD007296,ACC01458,49,929.83,True
ORD007297,ACC01458,49,1447.13,False
ORD007298,ACC01458,49,272.1,True
ORD007299,ACC01458,51,1039.87,False
ORD007300,ACC01458,50,1198.9,True
ORD007301,ACC01458,51,569.41,False
ORD007302,ACC01459,34,294.7,False
ORD007303,ACC01459,34,284.25,True
ORD007304,ACC01459,36,501.87,False
ORD007305,ACC01459,34,780.08,False
ORD007306,ACC01459,36,1012.97,False
ORD007307,ACC01459,37,1304.18,False
ORD007308,ACC01459,37,1492.14,False
ORD007309,ACC01460,17,1271.65,False
ORD007310,ACC01460,16,797.65,False
ORD007311,ACC01460,15,923.17,False
ORD007312,ACC01461,23,509.79,False
ORD007313,ACC01461,23,555.84,False
ORD007314,ACC01461,24,386.17,False
ORD007315,ACC01462,47,372.41,True
ORD007316,ACC01462,44,2954.94,True
ORD007317,ACC01462,47,208.66,False
ORD007318,ACC01462,46,478.1,True
ORD007319,ACC01463,35,558.72,True
ORD007320,ACC01463,36,1642.1,True
ORD007321,ACC01463,34,340.23,True
ORD007322,ACC01463,35,757.12,False
ORD007323,ACC01463,34,1384.27,True
ORD007324,ACC01464,28,862.1,False
ORD007325,ACC01464,29,1917.39,False
ORD007326,ACC01464,28,208.51,False
ORD007327,ACC01464,31,1013.7,False
ORD007328,ACC01465,38,887.46,False
ORD007329,ACC01465,40,981.86,False
ORD007330,ACC01465,41,128.41,False
ORD007331,ACC01465,40,860.2,True
ORD007332,ACC01465,41,1712.73,True
ORD007333,ACC01466,37,294.56,True
ORD007334,ACC01466,37,477.11,False
ORD007335,ACC01466,37,843.9,False
ORD007336,ACC01466,37,1043.93,False
ORD007337,ACC01466,38,278.74,False
ORD007338,ACC01466,35,543.92,False
ORD007339,ACC01467,11,653.26,True
ORD007340,ACC01467,9,509.29,False
ORD007341,ACC01467,10,2692.05,False
ORD007342,ACC01467,9,296.9,False
ORD007343,ACC01467,10,474.86,False
ORD007344,ACC01467,10,1694.92,False
ORD007345,ACC01467,10,653.33,False
ORD007346,ACC01467,12,128.21,True
ORD007347,ACC01468,9,2218.7,True
ORD007348,ACC01468,10,2830.85,False
ORD007349,ACC01468,7,537.39,False
ORD007350,ACC01468,9,137.32,False
ORD007351,ACC01468,10,470.85,False
ORD007352,ACC01468,10,802.34,True
ORD007353,ACC01468,8,382.98,False
ORD007354,ACC01469,52,921.09,True
ORD007355,ACC01469,55,607.01,True
ORD007356,ACC01469,55,474.93,True
ORD007357,ACC01470,26,1188.67,True
ORD007358,ACC01470,24,2195.41,True
ORD007359,ACC01470,23,631.82,True
ORD007360,ACC01471,21,1032.13,True
ORD007361,ACC01471,23,714.95,True
ORD007362,ACC01471,20,1247.6,False
ORD007363,ACC01471,23,497.32,False
ORD007364,ACC01471,23,605.12,True
ORD007365,ACC01471,20,627.35,True
ORD007366,ACC01471,20,870.34,False
ORD007367,ACC01471,21,120.93,False
ORD007368,ACC01472,49,1195.49,False
ORD007369,ACC01472,50,834.64,False
ORD007370,ACC01472,47,1341.98,True
ORD007371,ACC01472,49,1642.62,False
ORD007372,ACC01472,49,1621.17,True
ORD007373,ACC01472,47,449.36,False
ORD007374,ACC01473,48,533.3,True
ORD007375,ACC01473,48,1481.52,False
ORD007376,ACC01473,48,446.57,True
ORD007377,ACC01473,50,130.85,True
ORD007378,ACC01473,47,371.08,True
ORD007379,ACC01474,9,295.85,False
ORD007380,ACC01474,6,980.32,False
ORD007381,ACC01474,6,1631.37,False
ORD007382,ACC01475,28,1102.37,True
ORD007383,ACC01475,28,247.34,False
ORD007384,ACC01475,28,423.98,True
ORD007385,ACC01475,28,635.39,False
ORD007386,ACC01476,33,1432.91,False
ORD007387,ACC01476,32,324.69,True
ORD007388,ACC01476,32,659.33,True
ORD007389,ACC01476,33,512.77,True
ORD007390,ACC01476,32,1117.47,True
ORD007391,ACC01476,30,272.98,True
ORD007392,ACC01477,45,3476.87,True
ORD007393,ACC01477,45,1461.58,False
ORD007394,ACC01477,44,1383.82,True
ORD007395,ACC01477,43,1613.54,True
ORD007396,ACC01477,44,549.13,False
ORD007397,ACC01478,36,442.24,False
ORD007398,ACC01478,38,2232.18,True
ORD007399,ACC01479,2,420.48,True
ORD007400,ACC01479,4,2852.83,True
ORD007401,ACC01479,3,664.46,False
ORD007402,ACC01479,3,785.6,False
ORD007403,ACC01480,14,195.63,True
ORD007404,ACC01480,12,503.99,False
ORD007405,ACC01481,54,304.73,False
ORD007406,ACC01481,56,368.4,True
ORD007407,ACC01481,56,765.16,False
ORD007408,ACC01481,55,847.93,True
ORD007409,ACC01482,39,375.62,False
ORD007410,ACC01482,38,1037.08,True
ORD007411,ACC01483,17,591.05,False
ORD007412,ACC01483,20,513.08,False
ORD007413,ACC01483,19,939.85,False
ORD007414,ACC01484,30,1073.29,False
ORD007415,ACC01484,31,137.48,False
ORD007416,ACC01484,31,900.48,True
ORD007417,ACC01484,29,289.47,True
ORD007418,ACC01485,15,403.49,False
ORD007419,ACC01485,13,1880.31,True
ORD007420,ACC01485,14,944.88,True
ORD007421,ACC01485,12,2020.33,True
ORD007422,ACC01485,15,434.25,False
ORD007423,ACC01485,13,709.01,True
ORD007424,ACC01485,12,1375.62,False
ORD007425,ACC01486,51,1542.32,False
ORD007426,ACC01486,51,2662.66,False
ORD007427,ACC01486,53,240.51,False
ORD007428,ACC01486,52,417.57,True
ORD007429,ACC01486,54,863.09,True
ORD007430,ACC01486,53,365.7,False
ORD007431,ACC01486,51,489.03,True
ORD007432,ACC01487,36,781.7,True
ORD007433,ACC01487,37,2087.87,False
ORD007434,ACC01487,34,1651.0,False
ORD007435,ACC01487,35,61.41,False
ORD007436,ACC01487,34,865.54,False
ORD007437,ACC01488,55,845.78,False
ORD007438,ACC01488,57,617.75,True
ORD007439,ACC01488,55,448.23,False
ORD007440,ACC01488,54,867.96,True
ORD007441,ACC01489,49,868.59,False
ORD007442,ACC01489,49,290.93,False
ORD007443,ACC01489,50,84.84,True
ORD007444,ACC01489,48,1152.15,False
ORD007445,ACC01489,48,889.7,False
ORD007446,ACC01489,51,3005.14,False
ORD007447,ACC01489,51,2339.7,False
ORD007448,ACC01489,48,496.37,False
ORD007449,ACC01489,50,1399.65,False
ORD007450,ACC01490,43,1200.17,False
ORD007451,ACC01490,40,1048.7,True
ORD007452,ACC01490,43,1488.22,True
ORD007453,ACC01490,40,721.43,False
ORD007454,ACC01490,40,1110.3,True
ORD007455,ACC01491,30,433.01,True
ORD007456,ACC01491,33,331.55,True
ORD007457,ACC01491,32,805.27,True
ORD007458,ACC01491,32,727.22,True
ORD007459,ACC01491,30,1077.64,True
ORD007460,ACC01491,31,1286.57,False
ORD007461,ACC01491,33,363.08,False
ORD007462,ACC01491,32,503.65,True
ORD007463,ACC01492,40,461.96,False
ORD007464,ACC01493,31,228.28,False
ORD007465,ACC01493,30,616.94,False
ORD007466,ACC01493,31,524.73,True
ORD007467,ACC01493,31,1920.13,True
ORD007468,ACC01493,31,780.89,True
ORD007469,ACC01493,30,743.86,False
ORD007470,ACC01494,5,864.47,False
ORD007471,ACC01494,3,61.22,False
ORD007472,ACC01495,40,165.97,False
ORD007473,ACC01495,39,587.6,True
ORD007474,ACC01495,40,1251.41,False
ORD007475,ACC01495,42,1079.35,True
ORD007476,ACC01496,22,441.04,False
ORD007477,ACC01496,20,559.82,True
ORD007478,ACC01496,21,485.16,False
ORD007479,ACC01496,22,1237.0,False
ORD007480,ACC01496,19,785.9,False
ORD007481,ACC01496,22,99.74,True
ORD007482,ACC01496,22,1131.38,False
ORD007483,ACC01496,20,669.2,False
ORD007484,ACC01496,19,1063.01,False
ORD007485,ACC01497,20,882.84,False
ORD007486,ACC01497,21,1135.96,False
ORD007487,ACC01497,19,292.93,False
ORD007488,ACC01497,22,1034.69,False
ORD007489,ACC01497,20,505.79,True
ORD007490,ACC01497,20,664.93,False
ORD007491,ACC01497,20,1263.05,True
ORD007492,ACC01498,39,1291.16,False
ORD007493,ACC01498,53,569.69,False
ORD007494,ACC01498,16,1407.39,False
ORD007495,ACC01498,20,1142.16,False
ORD007496,ACC01498,18,1288.79,False
ORD007497,ACC01499,24,597.67,False
ORD007498,ACC01499,44,1142.12,False
ORD007499,ACC01499,44,786.31,False
ORD007500,ACC01499,31,1272.57,False
ORD007501,ACC01499,55,434.59,False
ORD007502,ACC01500,26,1150.3,False
ORD007503,ACC01500,3,652.78,True
ORD007504,ACC01500,8,672.25,False
ORD007505,ACC01500,52,297.41,True
ORD007506,ACC01500,20,725.37,False
ORD007507,ACC01500,48,1955.71,False
ORD007508,ACC01500,49,1443.96,True
ORD007509,ACC01500,41,1510.24,False
ORD007510,ACC01501,10,695.78,False
ORD007511,ACC01501,6,375.86,False
ORD007512,ACC01501,10,432.62,False
ORD007513,ACC01501,11,2885.12,False
ORD007514,ACC01501,1,1630.6,False
ORD007515,ACC01501,59,674.44,False
ORD007516,ACC01502,41,847.06,True
ORD007517,ACC01502,21,565.59,False
ORD007518,ACC01502,4,664.33,False
ORD007519,ACC01502,53,680.18,False
ORD007520,ACC01502,39,644.79,False
ORD007521,ACC01502,7,358.8,False
ORD007522,ACC01502,28,291.35,False
ORD007523,ACC01503,49,983.6,False
ORD007524,ACC01503,27,117.96,False
ORD007525,ACC01503,55,1404.65,True
ORD007526,ACC01503,58,342.75,False
ORD007527,ACC01503,40,522.67,False
ORD007528,ACC01503,40,2185.03,True
ORD007529,ACC01504,55,453.87,False
ORD007530,ACC01504,51,492.9,False
ORD007531,ACC01504,10,995.68,False
ORD007532,ACC01504,6,675.56,False
ORD007533,ACC01504,22,725.12,False
ORD007534,ACC01505,15,664.59,False
ORD007535,ACC01505,40,1535.87,False
ORD007536,ACC01505,30,115.89,False
ORD007537,ACC01505,39,1503.96,True
ORD007538,ACC01505,24,390.64,False
ORD007539,ACC01505,20,647.37,False
ORD007540,ACC01505,52,636.73,False
ORD007541,ACC01505,10,763.41,False
ORD007542,ACC01506,47,553.58,False
ORD007543,ACC01506,58,1703.8,False
ORD007544,ACC01506,32,555.29,False
ORD007545,ACC01506,3,485.99,False
ORD007546,ACC01506,5,450.27,False
ORD007547,ACC01507,46,601.25,False
ORD007548,ACC01507,6,8.31,True
ORD007549,ACC01507,52,562.75,False
ORD007550,ACC01507,3,406.07,False
ORD007551,ACC01507,56,197.0,False
ORD007552,ACC01508,19,1282.7,False
ORD007553,ACC01508,4,942.69,False
ORD007554,ACC01508,48,2485.24,False
ORD007555,ACC01509,45,1571.78,False
ORD007556,ACC01509,24,921.56,False
ORD007557,ACC01509,58,1473.74,False
ORD007558,ACC01509,36,1034.25,False
ORD007559,ACC01509,22,780.9,False
ORD007560,ACC01509,57,2014.4,False
ORD007561,ACC01509,32,1083.54,False
ORD007562,ACC01509,18,520.53,False
ORD007563,ACC01509,23,1553.61,False
ORD007564,ACC01509,45,767.8,False
ORD007565,ACC01509,5,1005.07,False
ORD007566,ACC01510,46,686.92,False
ORD007567,ACC01510,39,1531.58,False
ORD007568,ACC01510,5,1005.69,False
ORD007569,ACC01510,39,1032.52,False
ORD007570,ACC01510,37,239.79,False
ORD007571,ACC01511,59,621.12,False
ORD007572,ACC01511,0,328.85,False
ORD007573,ACC01512,19,1054.55,False
ORD007574,ACC01512,41,1716.18,False
ORD007575,ACC01512,25,815.88,False
ORD007576,ACC01512,21,917.56,False
ORD007577,ACC01512,34,1213.74,False
ORD007578,ACC01513,58,1618.52,False
ORD007579,ACC01513,22,554.47,True
ORD007580,ACC01513,26,614.77,False
ORD007581,ACC01513,32,283.17,True
ORD007582,ACC01513,20,1370.68,False
ORD007583,ACC01513,7,544.37,False
ORD007584,ACC01514,28,1448.25,False
ORD007585,ACC01514,34,381.51,True
ORD007586,ACC01514,17,466.38,False
ORD007587,ACC01514,3,1284.86,True
ORD007588,ACC01514,28,1508.7,False
ORD007589,ACC01515,51,1008.89,False
ORD007590,ACC01515,56,1234.66,False
ORD007591,ACC01515,28,159.26,False
ORD007592,ACC01515,51,349.33,False
ORD007593,ACC01515,35,2338.65,True
ORD007594,ACC01515,59,451.76,False
ORD007595,ACC01515,6,622.5,False
ORD007596,ACC01516,40,1134.91,False
ORD007597,ACC01516,49,510.61,False
ORD007598,ACC01516,4,992.24,False
ORD007599,ACC01516,39,5165.17,False
ORD007600,ACC01516,54,3145.42,True
ORD007601,ACC01517,21,1236.34,False
ORD007602,ACC01517,27,712.93,False
ORD007603,ACC01517,39,290.1,False
ORD007604,ACC01517,39,940.8,False
ORD007605,ACC01517,3,241.64,False
ORD007606,ACC01517,48,651.06,False
ORD007607,ACC01517,8,453.19,False
ORD007608,ACC01517,56,614.73,False
ORD007609,ACC01517,24,582.21,False
ORD007610,ACC01518,31,1239.21,True
ORD007611,ACC01518,31,1875.02,False
ORD007612,ACC01519,14,685.68,False
ORD007613,ACC01519,30,5674.41,False
ORD007614,ACC01519,34,2837.21,False
ORD007615,ACC01519,16,855.44,False
ORD007616,ACC01519,44,656.17,False
ORD007617,ACC01519,18,684.81,False
ORD007618,ACC01520,51,324.97,False
ORD007619,ACC01520,52,468.88,False
ORD007620,ACC01520,11,2232.21,False
ORD007621,ACC01520,13,2195.9,False
ORD007622,ACC01520,22,1801.62,False
ORD007623,ACC01520,55,821.08,False
ORD007624,ACC01520,50,3517.01,False
ORD007625,ACC01521,43,957.5,False
ORD007626,ACC01521,23,442.99,False
ORD007627,ACC01521,31,1003.11,False
ORD007628,ACC01521,48,956.51,False
ORD007629,ACC01521,39,1353.31,False
ORD007630,ACC01521,39,562.63,False
ORD007631,ACC01522,25,816.32,False
ORD007632,ACC01522,32,1085.11,False
ORD007633,ACC01522,53,1192.9,False
ORD007634,ACC01522,10,70.26,False
ORD007635,ACC01523,19,2227.05,False
ORD007636,ACC01523,25,454.72,False
ORD007637,ACC01523,55,1991.09,False
ORD007638,ACC01523,21,571.13,False
ORD007639,ACC01523,1,1329.19,False
ORD007640,ACC01524,30,279.68,False
ORD007641,ACC01524,31,1778.83,False
ORD007642,ACC01525,34,532.55,False
ORD007643,ACC01525,34,2028.92,False
ORD007644,ACC01525,46,637.83,False
ORD007645,ACC01525,39,170.11,False
ORD007646,ACC01526,37,1430.15,False
ORD007647,ACC01526,3,1083.19,False
ORD007648,ACC01526,47,1723.19,False
ORD007649,ACC01526,20,863.05,False
ORD007650,ACC01526,34,392.39,False
ORD007651,ACC01526,20,402.45,False
ORD007652,ACC01527,43,533.19,False
ORD007653,ACC01527,51,2135.0,False
ORD007654,ACC01527,19,473.01,False
ORD007655,ACC01528,16,789.33,False
ORD007656,ACC01528,24,351.64,False
ORD007657,ACC01528,18,260.07,True
ORD007658,ACC01528,48,1779.4,False
ORD007659,ACC01528,11,1184.95,False
ORD007660,ACC01528,53,412.85,False
ORD007661,ACC01528,3,641.99,False
ORD007662,ACC01528,16,567.8,False
ORD007663,ACC01529,3,2728.97,False
ORD007664,ACC01529,10,812.55,False
ORD007665,ACC01529,58,1508.87,False
ORD007666,ACC01529,1,1305.19,True
ORD007667,ACC01529,30,982.49,False
ORD007668,ACC01530,46,2303.99,False
ORD007669,ACC01530,38,2732.02,False
ORD007670,ACC01530,39,132.49,False
ORD007671,ACC01531,17,154.08,False
ORD007672,ACC01531,24,568.34,False
ORD007673,ACC01531,8,701.34,True
ORD007674,ACC01531,39,1422.09,True
ORD007675,ACC01531,18,1374.97,False
ORD007676,ACC01531,17,949.95,False
ORD007677,ACC01531,34,361.93,False
ORD007678,ACC01532,19,607.5,False
ORD007679,ACC01532,5,2662.49,False
ORD007680,ACC01532,5,586.17,False
ORD007681,ACC01532,41,1156.62,False
ORD007682,ACC01532,55,91.63,False
ORD007683,ACC01533,10,1375.31,False
ORD007684,ACC01533,54,664.14,False
ORD007685,ACC01533,52,414.32,False
ORD007686,ACC01533,45,2190.55,False
ORD007687,ACC01534,2,387.61,False
ORD007688,ACC01534,49,1835.77,False
ORD007689,ACC01534,19,428.17,False
ORD007690,ACC01535,21,30.08,False
ORD007691,ACC01535,38,986.87,True
ORD007692,ACC01535,40,1808.48,False
ORD007693,ACC01535,3,2112.34,False
ORD007694,ACC01536,49,1190.52,False
ORD007695,ACC01536,41,437.99,False
ORD007696,ACC01536,28,172.75,False
ORD007697,ACC01536,23,792.0,False
ORD007698,ACC01536,38,628.04,False
ORD007699,ACC01536,0,226.45,False
ORD007700,ACC01537,48,1289.74,False
ORD007701,ACC01537,13,489.85,True
ORD007702,ACC01537,25,776.73,True
ORD007703,ACC01537,28,606.19,False
ORD007704,ACC01537,49,4781.95,True
ORD007705,ACC01537,38,973.1,False
ORD007706,ACC01537,45,870.16,True
ORD007707,ACC01538,26,225.85,True
ORD007708,ACC01538,29,793.67,False
ORD007709,ACC01538,52,288.67,False
ORD007710,ACC01538,33,1147.52,False
ORD007711,ACC01538,45,1945.46,True
ORD007712,ACC01538,4,674.66,False
ORD007713,ACC01539,50,849.3,False
ORD007714,ACC01539,16,379.14,False
ORD007715,ACC01539,39,721.64,False
ORD007716,ACC01539,56,850.14,False
ORD007717,ACC01540,23,1055.18,False
ORD007718,ACC01540,38,1682.63,False
ORD007719,ACC01540,44,958.48,False
ORD007720,ACC01540,33,2300.96,False
ORD007721,ACC01541,27,527.91,False
ORD007722,ACC01541,50,827.83,False
ORD007723,ACC01541,38,615.88,False
ORD007724,ACC01541,21,772.23,False
ORD007725,ACC01541,45,669.11,False
ORD007726,ACC01541,20,2178.76,False
ORD007727,ACC01541,24,421.19,False
ORD007728,ACC01542,16,274.28,False
ORD007729,ACC01542,16,218.52,False
ORD007730,ACC01542,24,26.68,False
ORD007731,ACC01542,58,603.8,False
ORD007732,ACC01543,33,880.12,False
ORD007733,ACC01543,28,1285.59,False
ORD007734,ACC01543,37,801.45,False
ORD007735,ACC01543,38,1185.14,False
ORD007736,ACC01543,23,3071.38,False
ORD007737,ACC01543,2,1635.68,False
ORD007738,ACC01544,17,284.78,True
ORD007739,ACC01544,17,393.56,True
ORD007740,ACC01544,14,503.91,False
ORD007741,ACC01545,16,1938.82,True
ORD007742,ACC01545,17,1045.64,True
ORD007743,ACC01545,17,887.49,False
ORD007744,ACC01545,16,1366.66,False
ORD007745,ACC01545,16,2022.41,False
ORD007746,ACC01545,17,1123.99,False
ORD007747,ACC01545,16,1363.73,False
ORD007748,ACC01546,15,1443.13,False
ORD007749,ACC01546,15,381.34,False
ORD007750,ACC01546,16,1586.97,False
ORD007751,ACC01546,15,914.93,True
ORD007752,ACC01547,17,1445.49,False
ORD007753,ACC01547,15,678.91,False
ORD007754,ACC01548,16,803.07,False
ORD007755,ACC01548,14,650.52,False
ORD007756,ACC01548,15,1353.95,True
ORD007757,ACC01549,15,600.36,True
ORD007758,ACC01549,16,613.17,False
ORD007759,ACC01549,17,657.44,False
ORD007760,ACC01549,14,2366.97,False
ORD007761,ACC01550,16,453.21,False
ORD007762,ACC01550,15,1491.04,False
ORD007763,ACC01550,14,1136.52,False
ORD007764,ACC01551,14,1329.21,False
ORD007765,ACC01551,17,640.88,False
ORD007766,ACC01551,14,1093.92,False
ORD007767,ACC01551,15,513.08,False
ORD007768,ACC01551,16,606.21,False
ORD007769,ACC01552,14,689.03,False
ORD007770,ACC01552,14,331.02,False
ORD007771,ACC01552,15,539.08,False
ORD007772,ACC01552,16,1523.1,True
ORD007773,ACC01553,14,1088.5,True
ORD007774,ACC01554,14,1170.51,False
ORD007775,ACC01554,17,333.69,True
ORD007776,ACC01554,15,569.64,False
ORD007777,ACC01555,15,2283.85,False
ORD007778,ACC01555,14,885.39,True
ORD007779,ACC01556,17,1843.38,False
ORD007780,ACC01556,17,709.33,True
ORD007781,ACC01556,17,1869.31,True
ORD007782,ACC01556,17,152.6,False
ORD007783,ACC01556,14,1800.02,True
ORD007784,ACC01556,16,349.2,True
ORD007785,ACC01556,14,462.36,False
ORD007786,ACC01556,16,748.16,True
ORD007787,ACC01556,15,3015.99,False
ORD007788,ACC01557,17,154.25,False
ORD007789,ACC01557,15,728.56,False
ORD007790,ACC01557,15,1001.33,True
ORD007791,ACC01557,16,530.22,False
ORD007792,ACC01558,15,930.24,True
ORD007793,ACC01558,14,361.16,False
ORD007794,ACC01558,14,2632.11,False
ORD007795,ACC01559,14,1157.3,False
ORD007796,ACC01559,17,303.33,True
ORD007797,ACC01559,15,618.08,False
ORD007798,ACC01559,16,320.91,True
ORD007799,ACC01559,16,563.19,False
ORD007800,ACC01559,14,956.18,True
ORD007801,ACC01559,14,86.34,False
ORD007802,ACC01560,17,139.77,False
ORD007803,ACC01560,14,796.78,False
ORD007804,ACC01560,15,1230.81,False
ORD007805,ACC01560,17,1362.8,False
ORD007806,ACC01560,16,164.61,True
ORD007807,ACC01560,16,1904.43,False
ORD007808,ACC01560,15,984.05,False
ORD007809,ACC01561,15,1051.57,True
ORD007810,ACC01561,14,1158.51,True
ORD007811,ACC01561,14,633.96,False
ORD007812,ACC01561,17,620.71,False
ORD007813,ACC01562,15,123.49,True
ORD007814,ACC01562,15,274.63,False
ORD007815,ACC01562,14,1424.44,False
ORD007816,ACC01562,16,1644.47,False
ORD007817,ACC01562,15,1258.92,False
ORD007818,ACC01562,16,1425.63,False
ORD007819,ACC01562,15,525.65,False
ORD007820,ACC01562,17,303.8,False
ORD007821,ACC01563,17,567.56,False
ORD007822,ACC01563,14,309.99,False
ORD007823,ACC01563,15,550.57,False
ORD007824,ACC01563,15,123.56,False
ORD007825,ACC01563,16,2482.39,False
ORD007826,ACC01564,14,1059.06,False
ORD007827,ACC01564,16,2322.85,False
ORD007828,ACC01564,17,229.86,False
ORD007829,ACC01564,17,915.32,False
ORD007830,ACC01564,15,1059.37,False
ORD007831,ACC01565,17,224.45,False
ORD007832,ACC01565,17,954.86,False
ORD007833,ACC01566,15,750.71,True
ORD007834,ACC01566,15,1680.55,False
ORD007835,ACC01566,15,1014.88,False
ORD007836,ACC01566,16,599.6,False
ORD007837,ACC01567,17,1545.9,True
ORD007838,ACC01567,15,947.08,True
ORD007839,ACC01567,14,1503.13,False
ORD007840,ACC01567,15,731.41,True
ORD007841,ACC01567,14,738.34,False
ORD007842,ACC01568,14,971.24,False
ORD007843,ACC01568,17,1439.61,False
ORD007844,ACC01568,15,1010.73,False
ORD007845,ACC01568,15,1177.55,False
ORD007846,ACC01568,14,1459.82,False
ORD007847,ACC01569,14,608.81,False
ORD007848,ACC01569,17,587.0,False
ORD007849,ACC01569,16,1120.26,False
ORD007850,ACC01569,14,515.37,False
ORD007851,ACC01569,17,1523.68,False
ORD007852,ACC01569,14,154.55,True
ORD007853,ACC01569,16,738.49,False
ORD007854,ACC01569,14,2036.88,False
ORD007855,ACC01569,17,464.66,True
ORD007856,ACC01569,16,1121.03,True
ORD007857,ACC01569,17,257.82,False
ORD007858,ACC01570,15,643.07,False
ORD007859,ACC01571,17,976.63,True
ORD007860,ACC01571,15,910.92,False
ORD007861,ACC01571,17,734.86,False
ORD007862,ACC01571,14,1777.49,False
ORD007863,ACC01571,14,604.39,False
ORD007864,ACC01571,14,627.27,False
ORD007865,ACC01572,17,1110.94,False
ORD007866,ACC01572,15,233.98,True
ORD007867,ACC01572,16,310.91,False
ORD007868,ACC01572,17,921.82,True
ORD007869,ACC01572,17,880.37,False
ORD007870,ACC01572,16,313.58,False
ORD007871,ACC01573,17,1330.16,True
ORD007872,ACC01573,15,596.34,False
ORD007873,ACC01573,15,211.26,False
ORD007874,ACC01573,15,1868.55,False
ORD007875,ACC01573,14,933.77,False
ORD007876,ACC01574,14,520.61,False
ORD007877,ACC01574,16,180.56,True
ORD007878,ACC01575,15,461.7,False
ORD007879,ACC01575,14,1120.46,False
ORD007880,ACC01575,17,562.12,True
ORD007881,ACC01575,17,705.68,True
ORD007882,ACC01575,15,690.89,False
ORD007883,ACC01575,16,46.97,False
ORD007884,ACC01575,17,78.61,True
ORD007885,ACC01575,15,1735.77,False
ORD007886,ACC01575,14,788.46,False
ORD007887,ACC01575,15,353.88,False
ORD007888,ACC01575,17,1426.78,True
ORD007889,ACC01576,17,904.18,True
ORD007890,ACC01576,14,676.1,False
ORD007891,ACC01576,15,183.28,False
ORD007892,ACC01576,14,274.19,True
ORD007893,ACC01576,14,838.6,False
ORD007894,ACC01576,15,429.68,False
ORD007895,ACC01576,15,614.75,False
ORD007896,ACC01577,15,738.28,False
ORD007897,ACC01577,17,631.3,False
ORD007898,ACC01577,16,746.38,False
ORD007899,ACC01577,16,543.94,False
ORD007900,ACC01577,17,2393.46,False
ORD007901,ACC01577,15,2863.6,False
ORD007902,ACC01578,14,958.56,False
ORD007903,ACC01578,15,429.04,False
ORD007904,ACC01579,39,189.76,False
ORD007905,ACC01579,10,1252.32,False
ORD007906,ACC01579,31,386.82,False
ORD007907,ACC01579,52,262.58,False
ORD007908,ACC01579,15,640.99,False
ORD007909,ACC01579,25,803.89,False
ORD007910,ACC01579,42,158.21,False
ORD007911,ACC01579,7,990.67,False
ORD007912,ACC01580,15,728.52,False
ORD007913,ACC01580,22,261.09,False
ORD007914,ACC01580,49,727.97,True
ORD007915,ACC01580,28,580.36,False
ORD007916,ACC01580,0,3829.97,False
ORD007917,ACC01580,6,3435.76,False
ORD007918,ACC01580,53,151.28,False
ORD007919,ACC01580,59,568.22,False
ORD007920,ACC01580,15,1465.79,False
ORD007921,ACC01580,12,1001.76,False
ORD007922,ACC01581,14,525.61,False
ORD007923,ACC01581,4,1132.53,False
ORD007924,ACC01581,3,1071.18,False
ORD007925,ACC01581,16,1686.08,False
ORD007926,ACC01581,22,675.68,False
ORD007927,ACC01582,52,744.87,False
ORD007928,ACC01582,44,688.84,False
ORD007929,ACC01582,27,2560.01,False
ORD007930,ACC01582,32,533.67,False
ORD007931,ACC01582,11,652.28,False
ORD007932,ACC01583,43,1265.87,False
ORD007933,ACC01583,8,2584.71,False
ORD007934,ACC01583,46,2043.33,False
ORD007935,ACC01584,48,84.97,False
ORD007936,ACC01584,15,1411.48,False
ORD007937,ACC01584,14,1369.5,False
ORD007938,ACC01585,24,1066.02,False
ORD007939,ACC01585,6,679.85,False
ORD007940,ACC01585,28,288.26,False
ORD007941,ACC01585,1,645.61,False
ORD007942,ACC01585,15,159.68,False
ORD007943,ACC01586,48,698.18,False
ORD007944,ACC01586,13,556.81,False
ORD007945,ACC01586,4,401.28,False
ORD007946,ACC01587,14,277.54,False
ORD007947,ACC01587,39,311.14,False
ORD007948,ACC01587,2,144.58,False
ORD007949,ACC01587,55,380.67,False
ORD007950,ACC01587,47,440.31,False
ORD007951,ACC01587,29,652.17,False
ORD007952,ACC01588,11,1470.77,False
ORD007953,ACC01588,10,1287.98,False
ORD007954,ACC01588,0,923.23,False
ORD007955,ACC01589,32,1042.63,False
ORD007956,ACC01589,42,630.15,False
ORD007957,ACC01590,32,524.4,False
ORD007958,ACC01590,1,333.68,False
ORD007959,ACC01590,26,882.37,False
ORD007960,ACC01590,28,1205.78,False
ORD007961,ACC01590,0,780.67,False
ORD007962,ACC01590,39,324.01,False
ORD007963,ACC01590,23,82.52,False
ORD007964,ACC01590,15,1116.0,False
ORD007965,ACC01591,33,533.57,False
ORD007966,ACC01591,46,587.65,False
ORD007967,ACC01591,28,1296.27,False
ORD007968,ACC01591,1,740.28,False
ORD007969,ACC01592,8,620.1,False
ORD007970,ACC01592,55,416.19,False
ORD007971,ACC01592,19,743.21,False
ORD007972,ACC01592,46,476.29,False
ORD007973,ACC01592,46,175.29,False
ORD007974,ACC01592,41,83.61,True
ORD007975,ACC01592,54,211.47,True
ORD007976,ACC01592,48,1129.68,False
